_id,title,author,publisher,copies,genreId,isEbookAvailable,ebookUrl,createdAt,updatedAt
6721d4f7fc13ae297722d236,optimize web-enabled technologies,Walden,Flipbug,5,6721c3e2885c5615605e1404,true,http://google.it/id.aspx?lorem=vestibulum&ipsum=ante&dolor=ipsum&sit=primis&amet=in&consectetuer=faucibus&adipiscing=orci&elit=luctus&proin=et&risus=ultrices&praesent=posuere&lectus=cubilia&vestibulum=curae&quam=mauris&sapien=viverra&varius=diam&ut=vitae&blandit=quam&non=suspendisse&interdum=potenti&in=nullam&ante=porttitor&vestibulum=lacus&ante=at&ipsum=turpis&primis=donec&in=posuere&faucibus=metus&orci=vitae&luctus=ipsum&et=aliquam&ultrices=non&posuere=mauris&cubilia=morbi&curae=non&duis=lectus&faucibus=aliquam&accumsan=sit&odio=amet&curabitur=diam&convallis=in&duis=magna&consequat=bibendum&dui=imperdiet&nec=nullam&nisi=orci&volutpat=pede&eleifend=venenatis&donec=non&ut=sodales&dolor=sed&morbi=tincidunt&vel=eu&lectus=felis,2024-10-30T00:00:00Z,2024-10-30T00:00:00Z
6721d4f7fc13ae297722d237,facilitate integrated e-business,Kori,Zoomcast,4,6721c38afc13ae297722d1af,true,https://mayoclinic.com/eget.html?in=leo&est=maecenas&risus=pulvinar&auctor=lobortis&sed=est&tristique=phasellus&in=sit&tempus=amet&sit=erat&amet=nulla&sem=tempus&fusce=vivamus&consequat=in&nulla=felis&nisl=eu&nunc=sapien&nisl=cursus&duis=vestibulum&bibendum=proin&felis=eu&sed=mi&interdum=nulla&venenatis=ac&turpis=enim&enim=in&blandit=tempor&mi=turpis&in=nec&porttitor=euismod&pede=scelerisque&justo=quam&eu=turpis&massa=adipiscing&donec=lorem&dapibus=vitae&duis=mattis&at=nibh&velit=ligula&eu=nec&est=sem&congue=duis&elementum=aliquam&in=convallis&hac=nunc&habitasse=proin&platea=at&dictumst=turpis&morbi=a&vestibulum=pede&velit=posuere&id=nonummy&pretium=integer&iaculis=non&diam=velit&erat=donec&fermentum=diam&justo=neque&nec=vestibulum&condimentum=eget&neque=vulputate&sapien=ut&placerat=ultrices&ante=vel&nulla=augue,2024-10-30T00:00:00Z,2024-10-30T00:00:00Z
6721d4f7fc13ae297722d238,engage compelling functionalities,Elissa,Photofeed,5,67176f22cb3881344941df2d,false,http://cmu.edu/tincidunt.jsp?erat=vitae&nulla=consectetuer&tempus=eget&vivamus=rutrum&in=at&felis=lorem&eu=integer&sapien=tincidunt&cursus=ante&vestibulum=vel&proin=ipsum&eu=praesent&mi=blandit&nulla=lacinia&ac=erat&enim=vestibulum&in=sed&tempor=magna&turpis=at&nec=nunc&euismod=commodo&scelerisque=placerat&quam=praesent&turpis=blandit&adipiscing=nam&lorem=nulla&vitae=integer&mattis=pede&nibh=justo&ligula=lacinia&nec=eget&sem=tincidunt&duis=eget&aliquam=tempus&convallis=vel&nunc=pede&proin=morbi&at=porttitor&turpis=lorem&a=id&pede=ligula&posuere=suspendisse&nonummy=ornare&integer=consequat&non=lectus&velit=in&donec=est&diam=risus&neque=auctor&vestibulum=sed&eget=tristique&vulputate=in&ut=tempus&ultrices=sit&vel=amet&augue=sem&vestibulum=fusce&ante=consequat&ipsum=nulla&primis=nisl&in=nunc&faucibus=nisl&orci=duis&luctus=bibendum&et=felis&ultrices=sed,2024-10-30T00:00:00Z,2024-10-30T00:00:00Z
6721d4f7fc13ae297722d239,unleash back-end portals,Glenine,Avaveo,1,6721c38afc13ae297722d1af,true,http://latimes.com/sapien/quis/libero/nullam/sit.jpg?cras=curabitur&in=gravida&purus=nisi&eu=at&magna=nibh&vulputate=in&luctus=hac&cum=habitasse&sociis=platea&natoque=dictumst&penatibus=aliquam&et=augue&magnis=quam&dis=sollicitudin&parturient=vitae&montes=consectetuer&nascetur=eget&ridiculus=rutrum&mus=at&vivamus=lorem&vestibulum=integer&sagittis=tincidunt&sapien=ante&cum=vel&sociis=ipsum&natoque=praesent&penatibus=blandit&et=lacinia&magnis=erat&dis=vestibulum&parturient=sed&montes=magna&nascetur=at&ridiculus=nunc&mus=commodo&etiam=placerat&vel=praesent&augue=blandit&vestibulum=nam&rutrum=nulla&rutrum=integer&neque=pede&aenean=justo&auctor=lacinia&gravida=eget&sem=tincidunt&praesent=eget&id=tempus&massa=vel&id=pede&nisl=morbi&venenatis=porttitor&lacinia=lorem&aenean=id&sit=ligula&amet=suspendisse&justo=ornare&morbi=consequat&ut=lectus&odio=in&cras=est&mi=risus&pede=auctor&malesuada=sed&in=tristique&imperdiet=in&et=tempus&commodo=sit&vulputate=amet&justo=sem&in=fusce,2024-10-30T00:00:00Z,2024-10-30T00:00:00Z
6721d4f7fc13ae297722d23a,seize B2C networks,Seana,Trilia,1,6717448287d2fee1b8ee7ed5,false,http://naver.com/nulla.png?nulla=ut&pede=erat&ullamcorper=id&augue=mauris&a=vulputate&suscipit=elementum&nulla=nullam&elit=varius&ac=nulla&nulla=facilisi&sed=cras&vel=non&enim=velit&sit=nec&amet=nisi&nunc=vulputate&viverra=nonummy&dapibus=maecenas&nulla=tincidunt&suscipit=lacus&ligula=at&in=velit&lacus=vivamus&curabitur=vel&at=nulla&ipsum=eget&ac=eros&tellus=elementum&semper=pellentesque&interdum=quisque&mauris=porta&ullamcorper=volutpat&purus=erat&sit=quisque&amet=erat,2024-10-30T00:00:00Z,2024-10-30T00:00:00Z
6721d4f7fc13ae297722d23b,strategize seamless channels,Layney,Bubbletube,1,6721c38afc13ae297722d1af,false,https://accuweather.com/gravida/sem/praesent/id/massa/id.jsp?porta=pede&volutpat=posuere&erat=nonummy&quisque=integer&erat=non&eros=velit&viverra=donec&eget=diam&congue=neque&eget=vestibulum&semper=eget&rutrum=vulputate&nulla=ut&nunc=ultrices&purus=vel&phasellus=augue&in=vestibulum&felis=ante&donec=ipsum&semper=primis&sapien=in&a=faucibus&libero=orci&nam=luctus&dui=et&proin=ultrices&leo=posuere&odio=cubilia&porttitor=curae&id=donec&consequat=pharetra&in=magna&consequat=vestibulum&ut=aliquet&nulla=ultrices&sed=erat&accumsan=tortor&felis=sollicitudin&ut=mi&at=sit&dolor=amet&quis=lobortis,2024-10-30T00:00:00Z,2024-10-30T00:00:00Z
6721d4f7fc13ae297722d23c,embrace plug-and-play networks,Jackelyn,Trilith,4,67176f22cb3881344941df2d,true,https://japanpost.jp/sem/fusce.png?nisl=eleifend&duis=quam&bibendum=a&felis=odio&sed=in&interdum=hac&venenatis=habitasse&turpis=platea&enim=dictumst&blandit=maecenas&mi=ut&in=massa&porttitor=quis&pede=augue&justo=luctus,2024-10-30T00:00:00Z,2024-10-30T00:00:00Z
6721d4f7fc13ae297722d23d,utilize dot-com relationships,Roanne,Meetz,3,67176f22cb3881344941df2d,true,https://unc.edu/eu/magna/vulputate/luctus/cum/sociis.png?pede=curae&ac=duis&diam=faucibus&cras=accumsan&pellentesque=odio&volutpat=curabitur&dui=convallis&maecenas=duis&tristique=consequat&est=dui&et=nec&tempus=nisi&semper=volutpat&est=eleifend&quam=donec&pharetra=ut&magna=dolor&ac=morbi&consequat=vel&metus=lectus&sapien=in&ut=quam&nunc=fringilla&vestibulum=rhoncus&ante=mauris&ipsum=enim&primis=leo&in=rhoncus&faucibus=sed&orci=vestibulum&luctus=sit&et=amet&ultrices=cursus&posuere=id&cubilia=turpis&curae=integer&mauris=aliquet&viverra=massa&diam=id,2024-10-30T00:00:00Z,2024-10-30T00:00:00Z
6721d4f7fc13ae297722d23e,transform revolutionary functionalities,Rodina,Skalith,5,6717448287d2fee1b8ee7ed5,false,http://ow.ly/at/velit/eu.json?mi=nulla&in=neque&porttitor=libero&pede=convallis&justo=eget&eu=eleifend&massa=luctus&donec=ultricies&dapibus=eu&duis=nibh&at=quisque&velit=id&eu=justo&est=sit&congue=amet&elementum=sapien&in=dignissim&hac=vestibulum&habitasse=vestibulum&platea=ante&dictumst=ipsum&morbi=primis&vestibulum=in&velit=faucibus&id=orci&pretium=luctus&iaculis=et&diam=ultrices&erat=posuere&fermentum=cubilia&justo=curae&nec=nulla&condimentum=dapibus&neque=dolor&sapien=vel&placerat=est&ante=donec&nulla=odio&justo=justo&aliquam=sollicitudin&quis=ut&turpis=suscipit&eget=a&elit=feugiat&sodales=et&scelerisque=eros&mauris=vestibulum&sit=ac&amet=est&eros=lacinia&suspendisse=nisi&accumsan=venenatis&tortor=tristique&quis=fusce&turpis=congue&sed=diam&ante=id&vivamus=ornare&tortor=imperdiet&duis=sapien&mattis=urna&egestas=pretium&metus=nisl&aenean=ut,2024-10-30T00:00:00Z,2024-10-30T00:00:00Z
6721d4f7fc13ae297722d23f,productize back-end markets,Toinette,Realbuzz,1,6721c3e2885c5615605e1404,true,http://google.cn/lectus/suspendisse/potenti/in/eleifend/quam.html?lobortis=vestibulum&ligula=sed&sit=magna&amet=at&eleifend=nunc&pede=commodo&libero=placerat&quis=praesent&orci=blandit&nullam=nam&molestie=nulla&nibh=integer&in=pede&lectus=justo&pellentesque=lacinia&at=eget&nulla=tincidunt&suspendisse=eget&potenti=tempus&cras=vel&in=pede&purus=morbi&eu=porttitor&magna=lorem&vulputate=id&luctus=ligula&cum=suspendisse&sociis=ornare&natoque=consequat&penatibus=lectus&et=in&magnis=est&dis=risus&parturient=auctor&montes=sed&nascetur=tristique&ridiculus=in&mus=tempus&vivamus=sit&vestibulum=amet&sagittis=sem&sapien=fusce&cum=consequat&sociis=nulla&natoque=nisl&penatibus=nunc&et=nisl&magnis=duis,2024-10-30T00:00:00Z,2024-10-30T00:00:00Z
6721d4f7fc13ae297722d240,orchestrate turn-key web-readiness,Jesse,Twitternation,1,67176f22cb3881344941df2d,false,http://dagondesign.com/proin/risus.json?sit=semper&amet=rutrum&cursus=nulla&id=nunc&turpis=purus&integer=phasellus&aliquet=in&massa=felis&id=donec&lobortis=semper&convallis=sapien&tortor=a&risus=libero&dapibus=nam&augue=dui&vel=proin&accumsan=leo&tellus=odio&nisi=porttitor&eu=id&orci=consequat&mauris=in&lacinia=consequat&sapien=ut&quis=nulla&libero=sed,2024-10-30T00:00:00Z,2024-10-30T00:00:00Z
6721d4f7fc13ae297722d241,drive user-centric deliverables,Dominic,Flashdog,2,67176f22cb3881344941df2d,false,http://exblog.jp/rutrum.html?tortor=iaculis&quis=congue&turpis=vivamus&sed=metus&ante=arcu&vivamus=adipiscing&tortor=molestie&duis=hendrerit&mattis=at&egestas=vulputate&metus=vitae&aenean=nisl,2024-10-30T00:00:00Z,2024-10-30T00:00:00Z
6721d4f7fc13ae297722d242,strategize 24/7 markets,Brod,Zoomzone,1,6717448287d2fee1b8ee7ed5,false,https://cargocollective.com/pulvinar/lobortis/est/phasellus/sit/amet/erat.jsp?etiam=at&justo=turpis&etiam=donec&pretium=posuere&iaculis=metus&justo=vitae&in=ipsum&hac=aliquam&habitasse=non&platea=mauris,2024-10-30T00:00:00Z,2024-10-30T00:00:00Z
6721d4f7fc13ae297722d243,generate mission-critical portals,Trista,Photobug,2,67176f22cb3881344941df2d,false,https://hp.com/et/tempus/semper.js?integer=congue&a=vivamus&nibh=metus&in=arcu&quis=adipiscing&justo=molestie&maecenas=hendrerit&rhoncus=at&aliquam=vulputate&lacus=vitae&morbi=nisl&quis=aenean&tortor=lectus&id=pellentesque&nulla=eget&ultrices=nunc&aliquet=donec&maecenas=quis&leo=orci&odio=eget&condimentum=orci&id=vehicula&luctus=condimentum&nec=curabitur&molestie=in&sed=libero&justo=ut&pellentesque=massa&viverra=volutpat&pede=convallis&ac=morbi&diam=odio&cras=odio&pellentesque=elementum&volutpat=eu&dui=interdum&maecenas=eu&tristique=tincidunt&est=in&et=leo,2024-10-30T00:00:00Z,2024-10-30T00:00:00Z
6721d4f7fc13ae297722d244,productize leading-edge platforms,Eula,Brainlounge,4,6721c38afc13ae297722d1af,true,https://yelp.com/cum/sociis/natoque/penatibus/et.png?imperdiet=cras&sapien=non&urna=velit&pretium=nec&nisl=nisi&ut=vulputate&volutpat=nonummy&sapien=maecenas&arcu=tincidunt&sed=lacus&augue=at&aliquam=velit&erat=vivamus&volutpat=vel&in=nulla&congue=eget&etiam=eros&justo=elementum&etiam=pellentesque&pretium=quisque&iaculis=porta&justo=volutpat&in=erat&hac=quisque&habitasse=erat&platea=eros&dictumst=viverra&etiam=eget&faucibus=congue&cursus=eget&urna=semper&ut=rutrum&tellus=nulla&nulla=nunc&ut=purus&erat=phasellus&id=in&mauris=felis&vulputate=donec&elementum=semper&nullam=sapien&varius=a&nulla=libero&facilisi=nam&cras=dui&non=proin&velit=leo&nec=odio&nisi=porttitor,2024-10-30T00:00:00Z,2024-10-30T00:00:00Z
6721d4f7fc13ae297722d245,transform bricks-and-clicks solutions,Elsa,Twitterlist,2,6721c38afc13ae297722d1af,false,https://bravesites.com/magna/vulputate/luctus/cum/sociis/natoque.xml?magna=fermentum&bibendum=donec&imperdiet=ut&nullam=mauris&orci=eget&pede=massa&venenatis=tempor&non=convallis&sodales=nulla&sed=neque&tincidunt=libero&eu=convallis&felis=eget&fusce=eleifend&posuere=luctus&felis=ultricies&sed=eu&lacus=nibh&morbi=quisque&sem=id&mauris=justo&laoreet=sit&ut=amet&rhoncus=sapien&aliquet=dignissim&pulvinar=vestibulum&sed=vestibulum&nisl=ante&nunc=ipsum&rhoncus=primis&dui=in&vel=faucibus&sem=orci&sed=luctus&sagittis=et&nam=ultrices&congue=posuere&risus=cubilia&semper=curae&porta=nulla&volutpat=dapibus&quam=dolor&pede=vel&lobortis=est&ligula=donec&sit=odio&amet=justo&eleifend=sollicitudin&pede=ut&libero=suscipit&quis=a&orci=feugiat&nullam=et&molestie=eros&nibh=vestibulum&in=ac&lectus=est&pellentesque=lacinia&at=nisi&nulla=venenatis&suspendisse=tristique&potenti=fusce&cras=congue&in=diam&purus=id&eu=ornare&magna=imperdiet&vulputate=sapien&luctus=urna&cum=pretium&sociis=nisl&natoque=ut&penatibus=volutpat&et=sapien&magnis=arcu&dis=sed&parturient=augue&montes=aliquam&nascetur=erat&ridiculus=volutpat&mus=in&vivamus=congue&vestibulum=etiam&sagittis=justo,2024-10-30T00:00:00Z,2024-10-30T00:00:00Z
6721d4f7fc13ae297722d246,enable robust platforms,Marja,Twimm,1,6721c38afc13ae297722d1af,true,https://i2i.jp/vestibulum/eget/vulputate/ut/ultrices/vel/augue.js?orci=ac&mauris=nibh&lacinia=fusce&sapien=lacus&quis=purus,2024-10-30T00:00:00Z,2024-10-30T00:00:00Z
6721d4f7fc13ae297722d247,enhance scalable solutions,Brittney,Pixoboo,1,6721c38afc13ae297722d1af,false,https://nature.com/nulla/ut.js?consectetuer=sapien&adipiscing=ut&elit=nunc&proin=vestibulum&risus=ante&praesent=ipsum&lectus=primis&vestibulum=in&quam=faucibus&sapien=orci&varius=luctus&ut=et&blandit=ultrices&non=posuere&interdum=cubilia&in=curae&ante=mauris&vestibulum=viverra&ante=diam&ipsum=vitae&primis=quam&in=suspendisse&faucibus=potenti&orci=nullam&luctus=porttitor&et=lacus&ultrices=at&posuere=turpis&cubilia=donec&curae=posuere&duis=metus&faucibus=vitae&accumsan=ipsum&odio=aliquam&curabitur=non&convallis=mauris&duis=morbi&consequat=non&dui=lectus&nec=aliquam&nisi=sit&volutpat=amet&eleifend=diam&donec=in&ut=magna&dolor=bibendum&morbi=imperdiet&vel=nullam,2024-10-30T00:00:00Z,2024-10-30T00:00:00Z
6721d4f7fc13ae297722d248,orchestrate end-to-end infomediaries,Burch,Skiba,3,67176f22cb3881344941df2d,false,https://eventbrite.com/ac/consequat/metus/sapien/ut/nunc.json?blandit=erat&mi=id&in=mauris&porttitor=vulputate&pede=elementum&justo=nullam&eu=varius&massa=nulla&donec=facilisi&dapibus=cras&duis=non&at=velit&velit=nec&eu=nisi&est=vulputate&congue=nonummy&elementum=maecenas&in=tincidunt&hac=lacus&habitasse=at&platea=velit&dictumst=vivamus&morbi=vel&vestibulum=nulla&velit=eget&id=eros&pretium=elementum&iaculis=pellentesque&diam=quisque&erat=porta&fermentum=volutpat&justo=erat&nec=quisque&condimentum=erat&neque=eros&sapien=viverra&placerat=eget&ante=congue&nulla=eget&justo=semper&aliquam=rutrum&quis=nulla&turpis=nunc&eget=purus&elit=phasellus&sodales=in&scelerisque=felis&mauris=donec&sit=semper&amet=sapien&eros=a&suspendisse=libero&accumsan=nam,2024-10-30T00:00:00Z,2024-10-30T00:00:00Z
6721d4f7fc13ae297722d249,whiteboard virtual partnerships,Meade,Oloo,5,67176f22cb3881344941df2d,false,http://mayoclinic.com/eros/suspendisse/accumsan/tortor.html?elementum=sit&nullam=amet&varius=turpis&nulla=elementum&facilisi=ligula&cras=vehicula&non=consequat&velit=morbi&nec=a&nisi=ipsum&vulputate=integer&nonummy=a&maecenas=nibh&tincidunt=in&lacus=quis&at=justo&velit=maecenas&vivamus=rhoncus&vel=aliquam&nulla=lacus&eget=morbi&eros=quis&elementum=tortor&pellentesque=id&quisque=nulla&porta=ultrices&volutpat=aliquet&erat=maecenas&quisque=leo&erat=odio&eros=condimentum&viverra=id&eget=luctus&congue=nec,2024-10-30T00:00:00Z,2024-10-30T00:00:00Z
6721d4f7fc13ae297722d24a,iterate proactive convergence,Haydon,Skipstorm,3,6721c3e2885c5615605e1404,true,https://multiply.com/duis/mattis/egestas/metus/aenean/fermentum.jsp?eget=odio&eros=curabitur&elementum=convallis&pellentesque=duis&quisque=consequat&porta=dui&volutpat=nec&erat=nisi&quisque=volutpat&erat=eleifend&eros=donec&viverra=ut&eget=dolor&congue=morbi&eget=vel&semper=lectus&rutrum=in&nulla=quam&nunc=fringilla&purus=rhoncus&phasellus=mauris&in=enim&felis=leo&donec=rhoncus&semper=sed&sapien=vestibulum&a=sit&libero=amet,2024-10-30T00:00:00Z,2024-10-30T00:00:00Z
6721d4f7fc13ae297722d24b,maximize proactive e-services,Pattin,Meedoo,2,6721c38afc13ae297722d1af,false,https://a8.net/ligula/in/lacus/curabitur/at/ipsum.html?ante=viverra&vivamus=eget&tortor=congue&duis=eget&mattis=semper&egestas=rutrum&metus=nulla&aenean=nunc&fermentum=purus&donec=phasellus&ut=in&mauris=felis&eget=donec&massa=semper,2024-10-30T00:00:00Z,2024-10-30T00:00:00Z
6721d4f7fc13ae297722d24c,target rich channels,Cecilio,Fivechat,5,6717448287d2fee1b8ee7ed5,true,http://google.pl/erat/nulla/tempus/vivamus/in/felis/eu.png?non=nec&mauris=molestie&morbi=sed&non=justo&lectus=pellentesque&aliquam=viverra&sit=pede&amet=ac&diam=diam&in=cras&magna=pellentesque&bibendum=volutpat&imperdiet=dui&nullam=maecenas&orci=tristique&pede=est&venenatis=et&non=tempus&sodales=semper&sed=est&tincidunt=quam&eu=pharetra&felis=magna&fusce=ac&posuere=consequat&felis=metus&sed=sapien&lacus=ut&morbi=nunc&sem=vestibulum&mauris=ante&laoreet=ipsum&ut=primis&rhoncus=in&aliquet=faucibus&pulvinar=orci&sed=luctus&nisl=et&nunc=ultrices&rhoncus=posuere&dui=cubilia&vel=curae&sem=mauris&sed=viverra&sagittis=diam&nam=vitae&congue=quam&risus=suspendisse&semper=potenti&porta=nullam&volutpat=porttitor&quam=lacus&pede=at&lobortis=turpis&ligula=donec&sit=posuere&amet=metus&eleifend=vitae&pede=ipsum&libero=aliquam&quis=non&orci=mauris&nullam=morbi&molestie=non&nibh=lectus&in=aliquam&lectus=sit&pellentesque=amet&at=diam&nulla=in&suspendisse=magna&potenti=bibendum&cras=imperdiet&in=nullam&purus=orci&eu=pede&magna=venenatis&vulputate=non,2024-10-30T00:00:00Z,2024-10-30T00:00:00Z
6721d4f7fc13ae297722d24d,scale impactful content,Ricardo,Rhynoodle,1,6721c38afc13ae297722d1af,true,http://discovery.com/augue/a/suscipit/nulla/elit/ac/nulla.html?sapien=tempor&iaculis=convallis&congue=nulla&vivamus=neque&metus=libero&arcu=convallis&adipiscing=eget&molestie=eleifend&hendrerit=luctus&at=ultricies&vulputate=eu&vitae=nibh&nisl=quisque&aenean=id&lectus=justo&pellentesque=sit&eget=amet&nunc=sapien&donec=dignissim&quis=vestibulum&orci=vestibulum&eget=ante&orci=ipsum&vehicula=primis&condimentum=in&curabitur=faucibus&in=orci&libero=luctus&ut=et&massa=ultrices&volutpat=posuere&convallis=cubilia&morbi=curae&odio=nulla,2024-10-30T00:00:00Z,2024-10-30T00:00:00Z
6721d4f7fc13ae297722d24e,extend turn-key e-commerce,Sol,Rhyloo,3,6721c38afc13ae297722d1af,false,https://privacy.gov.au/ante/ipsum/primis/in/faucibus/orci/luctus.json?semper=auctor&rutrum=gravida&nulla=sem&nunc=praesent&purus=id&phasellus=massa&in=id&felis=nisl&donec=venenatis&semper=lacinia&sapien=aenean&a=sit&libero=amet&nam=justo&dui=morbi&proin=ut&leo=odio&odio=cras&porttitor=mi&id=pede&consequat=malesuada&in=in&consequat=imperdiet&ut=et&nulla=commodo&sed=vulputate&accumsan=justo&felis=in&ut=blandit&at=ultrices&dolor=enim&quis=lorem&odio=ipsum,2024-10-30T00:00:00Z,2024-10-30T00:00:00Z
6721d4f7fc13ae297722d24f,deliver cutting-edge mindshare,Eldredge,Fivechat,3,6721c38afc13ae297722d1af,false,http://hao123.com/curabitur/in/libero.html?nisl=lacinia&duis=nisi&bibendum=venenatis&felis=tristique&sed=fusce&interdum=congue&venenatis=diam&turpis=id&enim=ornare&blandit=imperdiet&mi=sapien&in=urna&porttitor=pretium&pede=nisl&justo=ut&eu=volutpat&massa=sapien&donec=arcu&dapibus=sed&duis=augue&at=aliquam&velit=erat&eu=volutpat&est=in&congue=congue&elementum=etiam&in=justo&hac=etiam&habitasse=pretium&platea=iaculis&dictumst=justo&morbi=in&vestibulum=hac&velit=habitasse&id=platea&pretium=dictumst&iaculis=etiam&diam=faucibus&erat=cursus&fermentum=urna&justo=ut&nec=tellus&condimentum=nulla&neque=ut&sapien=erat&placerat=id&ante=mauris&nulla=vulputate&justo=elementum&aliquam=nullam&quis=varius&turpis=nulla&eget=facilisi&elit=cras&sodales=non&scelerisque=velit&mauris=nec&sit=nisi&amet=vulputate&eros=nonummy&suspendisse=maecenas&accumsan=tincidunt&tortor=lacus&quis=at&turpis=velit&sed=vivamus&ante=vel&vivamus=nulla&tortor=eget&duis=eros&mattis=elementum&egestas=pellentesque&metus=quisque&aenean=porta&fermentum=volutpat&donec=erat&ut=quisque&mauris=erat&eget=eros&massa=viverra&tempor=eget&convallis=congue&nulla=eget&neque=semper&libero=rutrum&convallis=nulla&eget=nunc&eleifend=purus&luctus=phasellus,2024-10-30T00:00:00Z,2024-10-30T00:00:00Z
6721d4f7fc13ae297722d250,synthesize clicks-and-mortar action-items,Amalie,Quimba,1,67176f22cb3881344941df2d,true,https://hhs.gov/quam/suspendisse/potenti/nullam.jpg?luctus=eros&rutrum=suspendisse&nulla=accumsan&tellus=tortor&in=quis&sagittis=turpis&dui=sed&vel=ante&nisl=vivamus&duis=tortor&ac=duis&nibh=mattis&fusce=egestas&lacus=metus&purus=aenean&aliquet=fermentum&at=donec&feugiat=ut&non=mauris&pretium=eget&quis=massa&lectus=tempor&suspendisse=convallis&potenti=nulla&in=neque&eleifend=libero&quam=convallis&a=eget&odio=eleifend&in=luctus&hac=ultricies&habitasse=eu&platea=nibh&dictumst=quisque&maecenas=id&ut=justo&massa=sit&quis=amet&augue=sapien&luctus=dignissim&tincidunt=vestibulum&nulla=vestibulum&mollis=ante&molestie=ipsum&lorem=primis,2024-10-30T00:00:00Z,2024-10-30T00:00:00Z
6721d4f7fc13ae297722d251,morph B2B infrastructures,Clemmie,Riffwire,1,6721c3e2885c5615605e1404,true,http://xrea.com/ultrices/phasellus/id/sapien/in.png?eget=id&massa=pretium&tempor=iaculis&convallis=diam&nulla=erat&neque=fermentum&libero=justo&convallis=nec&eget=condimentum&eleifend=neque&luctus=sapien&ultricies=placerat&eu=ante&nibh=nulla&quisque=justo&id=aliquam&justo=quis&sit=turpis&amet=eget&sapien=elit&dignissim=sodales&vestibulum=scelerisque&vestibulum=mauris&ante=sit&ipsum=amet&primis=eros&in=suspendisse&faucibus=accumsan&orci=tortor&luctus=quis&et=turpis&ultrices=sed&posuere=ante&cubilia=vivamus&curae=tortor&nulla=duis&dapibus=mattis&dolor=egestas&vel=metus&est=aenean&donec=fermentum&odio=donec&justo=ut&sollicitudin=mauris&ut=eget&suscipit=massa&a=tempor&feugiat=convallis&et=nulla&eros=neque&vestibulum=libero&ac=convallis&est=eget&lacinia=eleifend&nisi=luctus&venenatis=ultricies&tristique=eu&fusce=nibh&congue=quisque&diam=id&id=justo&ornare=sit&imperdiet=amet,2024-10-30T00:00:00Z,2024-10-30T00:00:00Z
6721d4f7fc13ae297722d252,transform synergistic e-commerce,Jeffie,Skiba,2,6721c38afc13ae297722d1af,true,http://upenn.edu/sagittis.jsp?amet=magnis&erat=dis&nulla=parturient&tempus=montes&vivamus=nascetur&in=ridiculus&felis=mus&eu=vivamus&sapien=vestibulum&cursus=sagittis&vestibulum=sapien&proin=cum&eu=sociis&mi=natoque&nulla=penatibus&ac=et&enim=magnis&in=dis&tempor=parturient&turpis=montes&nec=nascetur&euismod=ridiculus&scelerisque=mus&quam=etiam&turpis=vel&adipiscing=augue&lorem=vestibulum&vitae=rutrum&mattis=rutrum&nibh=neque&ligula=aenean&nec=auctor&sem=gravida&duis=sem&aliquam=praesent&convallis=id&nunc=massa&proin=id&at=nisl&turpis=venenatis&a=lacinia&pede=aenean&posuere=sit&nonummy=amet&integer=justo&non=morbi&velit=ut&donec=odio&diam=cras&neque=mi&vestibulum=pede&eget=malesuada&vulputate=in&ut=imperdiet&ultrices=et&vel=commodo&augue=vulputate&vestibulum=justo&ante=in&ipsum=blandit&primis=ultrices&in=enim&faucibus=lorem&orci=ipsum&luctus=dolor&et=sit&ultrices=amet&posuere=consectetuer&cubilia=adipiscing&curae=elit&donec=proin&pharetra=interdum&magna=mauris&vestibulum=non&aliquet=ligula&ultrices=pellentesque&erat=ultrices&tortor=phasellus&sollicitudin=id&mi=sapien&sit=in&amet=sapien&lobortis=iaculis&sapien=congue,2024-10-30T00:00:00Z,2024-10-30T00:00:00Z
6721d4f7fc13ae297722d253,embrace innovative infomediaries,Brooks,Feedbug,3,6721c38afc13ae297722d1af,false,https://miibeian.gov.cn/auctor/sed/tristique/in.jsp?in=sem&faucibus=sed&orci=sagittis&luctus=nam&et=congue&ultrices=risus&posuere=semper&cubilia=porta&curae=volutpat&mauris=quam&viverra=pede&diam=lobortis&vitae=ligula&quam=sit&suspendisse=amet&potenti=eleifend&nullam=pede&porttitor=libero&lacus=quis&at=orci&turpis=nullam&donec=molestie&posuere=nibh&metus=in&vitae=lectus&ipsum=pellentesque&aliquam=at&non=nulla&mauris=suspendisse&morbi=potenti&non=cras&lectus=in&aliquam=purus&sit=eu&amet=magna&diam=vulputate&in=luctus&magna=cum&bibendum=sociis&imperdiet=natoque&nullam=penatibus&orci=et&pede=magnis,2024-10-30T00:00:00Z,2024-10-30T00:00:00Z
6721d4f7fc13ae297722d254,transition one-to-one convergence,Raff,Thoughtbridge,1,6721c38afc13ae297722d1af,true,https://samsung.com/in/quam/fringilla/rhoncus.jpg?elementum=proin&nullam=at&varius=turpis&nulla=a&facilisi=pede&cras=posuere&non=nonummy&velit=integer&nec=non&nisi=velit&vulputate=donec&nonummy=diam&maecenas=neque&tincidunt=vestibulum&lacus=eget&at=vulputate&velit=ut&vivamus=ultrices&vel=vel&nulla=augue&eget=vestibulum&eros=ante&elementum=ipsum&pellentesque=primis&quisque=in&porta=faucibus&volutpat=orci&erat=luctus&quisque=et&erat=ultrices&eros=posuere&viverra=cubilia&eget=curae&congue=donec&eget=pharetra&semper=magna&rutrum=vestibulum&nulla=aliquet&nunc=ultrices&purus=erat&phasellus=tortor&in=sollicitudin&felis=mi&donec=sit&semper=amet&sapien=lobortis&a=sapien&libero=sapien&nam=non&dui=mi&proin=integer&leo=ac&odio=neque&porttitor=duis&id=bibendum&consequat=morbi&in=non&consequat=quam&ut=nec&nulla=dui&sed=luctus&accumsan=rutrum&felis=nulla&ut=tellus&at=in&dolor=sagittis&quis=dui&odio=vel&consequat=nisl&varius=duis&integer=ac&ac=nibh&leo=fusce,2024-10-30T00:00:00Z,2024-10-30T00:00:00Z
6721d4f7fc13ae297722d255,enable distributed niches,Thomasin,Twiyo,4,6717448287d2fee1b8ee7ed5,false,https://cmu.edu/in/hac/habitasse/platea/dictumst.jpg?leo=condimentum&pellentesque=id&ultrices=luctus&mattis=nec&odio=molestie&donec=sed&vitae=justo&nisi=pellentesque&nam=viverra&ultrices=pede&libero=ac&non=diam&mattis=cras&pulvinar=pellentesque&nulla=volutpat&pede=dui&ullamcorper=maecenas&augue=tristique&a=est&suscipit=et&nulla=tempus&elit=semper&ac=est&nulla=quam&sed=pharetra&vel=magna&enim=ac&sit=consequat&amet=metus&nunc=sapien&viverra=ut&dapibus=nunc&nulla=vestibulum&suscipit=ante&ligula=ipsum&in=primis&lacus=in&curabitur=faucibus&at=orci&ipsum=luctus&ac=et&tellus=ultrices&semper=posuere&interdum=cubilia&mauris=curae&ullamcorper=mauris&purus=viverra&sit=diam&amet=vitae&nulla=quam,2024-10-30T00:00:00Z,2024-10-30T00:00:00Z
6721d4f7fc13ae297722d256,visualize visionary portals,Adore,Einti,3,6717448287d2fee1b8ee7ed5,false,http://mozilla.org/neque/aenean/auctor/gravida/sem/praesent/id.aspx?nulla=eget&justo=tincidunt&aliquam=eget&quis=tempus&turpis=vel&eget=pede&elit=morbi&sodales=porttitor&scelerisque=lorem&mauris=id&sit=ligula&amet=suspendisse&eros=ornare&suspendisse=consequat&accumsan=lectus&tortor=in&quis=est&turpis=risus&sed=auctor&ante=sed&vivamus=tristique&tortor=in&duis=tempus&mattis=sit&egestas=amet&metus=sem&aenean=fusce&fermentum=consequat,2024-10-30T00:00:00Z,2024-10-30T00:00:00Z
6721d4f7fc13ae297722d257,engineer impactful niches,Russell,Thoughtbeat,2,67176f22cb3881344941df2d,true,https://washingtonpost.com/mauris/laoreet/ut/rhoncus/aliquet/pulvinar.json?libero=risus&rutrum=semper&ac=porta&lobortis=volutpat&vel=quam&dapibus=pede&at=lobortis&diam=ligula&nam=sit,2024-10-30T00:00:00Z,2024-10-30T00:00:00Z
6721d4f7fc13ae297722d258,mesh out-of-the-box e-business,Glenden,Cogibox,5,6721c3e2885c5615605e1404,false,https://jiathis.com/augue/vel/accumsan.xml?non=sagittis&velit=sapien&nec=cum&nisi=sociis&vulputate=natoque&nonummy=penatibus&maecenas=et&tincidunt=magnis&lacus=dis&at=parturient&velit=montes&vivamus=nascetur&vel=ridiculus&nulla=mus&eget=etiam&eros=vel&elementum=augue&pellentesque=vestibulum&quisque=rutrum&porta=rutrum&volutpat=neque&erat=aenean&quisque=auctor&erat=gravida&eros=sem&viverra=praesent&eget=id&congue=massa&eget=id&semper=nisl&rutrum=venenatis&nulla=lacinia&nunc=aenean&purus=sit&phasellus=amet&in=justo&felis=morbi&donec=ut&semper=odio&sapien=cras&a=mi&libero=pede&nam=malesuada&dui=in&proin=imperdiet&leo=et&odio=commodo&porttitor=vulputate&id=justo&consequat=in&in=blandit&consequat=ultrices&ut=enim&nulla=lorem&sed=ipsum&accumsan=dolor&felis=sit&ut=amet&at=consectetuer&dolor=adipiscing&quis=elit&odio=proin&consequat=interdum&varius=mauris&integer=non&ac=ligula&leo=pellentesque&pellentesque=ultrices&ultrices=phasellus&mattis=id&odio=sapien&donec=in&vitae=sapien,2024-10-30T00:00:00Z,2024-10-30T00:00:00Z
6721d4f7fc13ae297722d259,productize integrated synergies,Whitney,Edgetag,4,6721c38afc13ae297722d1af,false,https://livejournal.com/eget/tempus/vel.png?vulputate=volutpat&justo=quam&in=pede&blandit=lobortis&ultrices=ligula&enim=sit&lorem=amet&ipsum=eleifend&dolor=pede&sit=libero&amet=quis&consectetuer=orci&adipiscing=nullam&elit=molestie&proin=nibh&interdum=in&mauris=lectus&non=pellentesque&ligula=at&pellentesque=nulla&ultrices=suspendisse&phasellus=potenti&id=cras&sapien=in&in=purus&sapien=eu&iaculis=magna&congue=vulputate&vivamus=luctus&metus=cum&arcu=sociis&adipiscing=natoque,2024-10-30T00:00:00Z,2024-10-30T00:00:00Z
6721d4f7fc13ae297722d25a,enable world-class users,Pete,Oozz,2,6717448287d2fee1b8ee7ed5,false,http://liveinternet.ru/vestibulum/ante/ipsum/primis/in.html?ornare=sed&consequat=lacus&lectus=morbi&in=sem&est=mauris&risus=laoreet&auctor=ut&sed=rhoncus&tristique=aliquet&in=pulvinar&tempus=sed&sit=nisl&amet=nunc&sem=rhoncus&fusce=dui&consequat=vel&nulla=sem&nisl=sed&nunc=sagittis&nisl=nam&duis=congue&bibendum=risus&felis=semper&sed=porta&interdum=volutpat&venenatis=quam&turpis=pede&enim=lobortis&blandit=ligula&mi=sit&in=amet&porttitor=eleifend&pede=pede&justo=libero&eu=quis&massa=orci&donec=nullam&dapibus=molestie&duis=nibh&at=in&velit=lectus&eu=pellentesque&est=at&congue=nulla&elementum=suspendisse&in=potenti&hac=cras&habitasse=in&platea=purus&dictumst=eu&morbi=magna&vestibulum=vulputate&velit=luctus&id=cum&pretium=sociis&iaculis=natoque&diam=penatibus&erat=et&fermentum=magnis&justo=dis&nec=parturient&condimentum=montes&neque=nascetur&sapien=ridiculus&placerat=mus&ante=vivamus&nulla=vestibulum&justo=sagittis&aliquam=sapien&quis=cum,2024-10-30T00:00:00Z,2024-10-30T00:00:00Z
6721d4f7fc13ae297722d25b,aggregate value-added communities,Tish,Jabbersphere,4,6717448287d2fee1b8ee7ed5,false,http://mail.ru/sapien/cum/sociis/natoque/penatibus/et.aspx?nulla=non&pede=lectus&ullamcorper=aliquam&augue=sit&a=amet&suscipit=diam&nulla=in&elit=magna&ac=bibendum&nulla=imperdiet&sed=nullam&vel=orci&enim=pede&sit=venenatis&amet=non&nunc=sodales&viverra=sed&dapibus=tincidunt&nulla=eu&suscipit=felis&ligula=fusce&in=posuere&lacus=felis&curabitur=sed&at=lacus&ipsum=morbi&ac=sem&tellus=mauris&semper=laoreet&interdum=ut&mauris=rhoncus&ullamcorper=aliquet&purus=pulvinar&sit=sed&amet=nisl&nulla=nunc&quisque=rhoncus&arcu=dui&libero=vel&rutrum=sem&ac=sed&lobortis=sagittis&vel=nam&dapibus=congue&at=risus&diam=semper&nam=porta&tristique=volutpat&tortor=quam&eu=pede,2024-10-30T00:00:00Z,2024-10-30T00:00:00Z
6721d4f7fc13ae297722d25c,enhance bleeding-edge synergies,Dasie,Trudoo,3,6717448287d2fee1b8ee7ed5,true,http://state.tx.us/risus/dapibus/augue/vel/accumsan/tellus/nisi.xml?bibendum=magna&felis=bibendum&sed=imperdiet&interdum=nullam&venenatis=orci&turpis=pede&enim=venenatis&blandit=non&mi=sodales&in=sed&porttitor=tincidunt&pede=eu&justo=felis&eu=fusce&massa=posuere&donec=felis&dapibus=sed&duis=lacus&at=morbi&velit=sem&eu=mauris&est=laoreet&congue=ut&elementum=rhoncus&in=aliquet&hac=pulvinar&habitasse=sed&platea=nisl&dictumst=nunc&morbi=rhoncus&vestibulum=dui&velit=vel&id=sem&pretium=sed&iaculis=sagittis&diam=nam&erat=congue&fermentum=risus&justo=semper&nec=porta&condimentum=volutpat&neque=quam&sapien=pede&placerat=lobortis,2024-10-30T00:00:00Z,2024-10-30T00:00:00Z
6721d4f7fc13ae297722d25d,productize plug-and-play applications,Kippy,Flipbug,4,6721c3e2885c5615605e1404,true,https://twitpic.com/amet/consectetuer/adipiscing/elit.js?justo=id&etiam=justo&pretium=sit&iaculis=amet&justo=sapien&in=dignissim&hac=vestibulum,2024-10-30T00:00:00Z,2024-10-30T00:00:00Z
6721d4f7fc13ae297722d25e,envisioneer visionary users,Mischa,Skinix,1,67176f22cb3881344941df2d,true,https://godaddy.com/mi/nulla/ac/enim/in/tempor/turpis.xml?amet=sed&sem=vestibulum&fusce=sit&consequat=amet&nulla=cursus&nisl=id&nunc=turpis&nisl=integer&duis=aliquet&bibendum=massa&felis=id&sed=lobortis&interdum=convallis&venenatis=tortor&turpis=risus&enim=dapibus&blandit=augue&mi=vel&in=accumsan,2024-10-30T00:00:00Z,2024-10-30T00:00:00Z
6721d4f7fc13ae297722d25f,unleash interactive initiatives,Quillan,Kare,3,67176f22cb3881344941df2d,true,http://nationalgeographic.com/orci/vehicula/condimentum/curabitur/in.png?mi=blandit&sit=mi&amet=in&lobortis=porttitor&sapien=pede&sapien=justo&non=eu&mi=massa&integer=donec&ac=dapibus&neque=duis&duis=at&bibendum=velit&morbi=eu&non=est&quam=congue&nec=elementum&dui=in&luctus=hac&rutrum=habitasse&nulla=platea&tellus=dictumst&in=morbi&sagittis=vestibulum&dui=velit&vel=id&nisl=pretium&duis=iaculis&ac=diam&nibh=erat&fusce=fermentum&lacus=justo&purus=nec&aliquet=condimentum&at=neque&feugiat=sapien&non=placerat,2024-10-30T00:00:00Z,2024-10-30T00:00:00Z
6721d4f7fc13ae297722d260,empower bleeding-edge interfaces,Morty,Realcube,5,6717448287d2fee1b8ee7ed5,true,https://sogou.com/luctus/et/ultrices.js?nonummy=et&integer=magnis&non=dis&velit=parturient&donec=montes&diam=nascetur&neque=ridiculus&vestibulum=mus&eget=etiam&vulputate=vel&ut=augue&ultrices=vestibulum&vel=rutrum&augue=rutrum&vestibulum=neque&ante=aenean&ipsum=auctor&primis=gravida&in=sem&faucibus=praesent&orci=id&luctus=massa&et=id&ultrices=nisl&posuere=venenatis&cubilia=lacinia&curae=aenean&donec=sit&pharetra=amet&magna=justo&vestibulum=morbi&aliquet=ut&ultrices=odio,2024-10-30T00:00:00Z,2024-10-30T00:00:00Z
6721d4f7fc13ae297722d261,unleash ubiquitous infomediaries,Eugenio,Skyvu,1,6717448287d2fee1b8ee7ed5,false,http://timesonline.co.uk/mus/vivamus.html?tristique=in&in=quis&tempus=justo&sit=maecenas&amet=rhoncus&sem=aliquam&fusce=lacus&consequat=morbi&nulla=quis&nisl=tortor&nunc=id&nisl=nulla&duis=ultrices&bibendum=aliquet&felis=maecenas&sed=leo&interdum=odio&venenatis=condimentum&turpis=id&enim=luctus&blandit=nec&mi=molestie&in=sed&porttitor=justo&pede=pellentesque&justo=viverra&eu=pede&massa=ac&donec=diam&dapibus=cras&duis=pellentesque&at=volutpat&velit=dui&eu=maecenas&est=tristique&congue=est&elementum=et&in=tempus&hac=semper&habitasse=est,2024-10-30T00:00:00Z,2024-10-30T00:00:00Z
6721d4f7fc13ae297722d262,redefine frictionless supply-chains,Thadeus,Wikizz,1,6721c3e2885c5615605e1404,true,https://hao123.com/mauris/enim/leo.html?in=tortor&quam=id&fringilla=nulla&rhoncus=ultrices&mauris=aliquet&enim=maecenas&leo=leo&rhoncus=odio&sed=condimentum&vestibulum=id&sit=luctus&amet=nec&cursus=molestie&id=sed&turpis=justo&integer=pellentesque&aliquet=viverra&massa=pede&id=ac&lobortis=diam&convallis=cras&tortor=pellentesque&risus=volutpat&dapibus=dui&augue=maecenas&vel=tristique&accumsan=est&tellus=et&nisi=tempus&eu=semper&orci=est&mauris=quam&lacinia=pharetra&sapien=magna&quis=ac&libero=consequat&nullam=metus&sit=sapien&amet=ut&turpis=nunc&elementum=vestibulum&ligula=ante&vehicula=ipsum&consequat=primis&morbi=in&a=faucibus&ipsum=orci&integer=luctus&a=et&nibh=ultrices&in=posuere&quis=cubilia&justo=curae&maecenas=mauris&rhoncus=viverra,2024-10-30T00:00:00Z,2024-10-30T00:00:00Z
6721d4f7fc13ae297722d263,recontextualize sexy communities,Erna,Skimia,2,6721c3e2885c5615605e1404,true,http://hubpages.com/odio/consequat/varius.js?hac=non,2024-10-30T00:00:00Z,2024-10-30T00:00:00Z
6721d4f7fc13ae297722d264,exploit revolutionary deliverables,Tatum,Brainverse,4,6721c38afc13ae297722d1af,true,https://trellian.com/gravida/sem/praesent/id.png?condimentum=convallis&curabitur=eget&in=eleifend&libero=luctus&ut=ultricies&massa=eu&volutpat=nibh&convallis=quisque&morbi=id&odio=justo&odio=sit&elementum=amet&eu=sapien&interdum=dignissim&eu=vestibulum&tincidunt=vestibulum&in=ante&leo=ipsum&maecenas=primis&pulvinar=in&lobortis=faucibus&est=orci&phasellus=luctus&sit=et&amet=ultrices&erat=posuere&nulla=cubilia&tempus=curae&vivamus=nulla&in=dapibus&felis=dolor&eu=vel&sapien=est&cursus=donec&vestibulum=odio&proin=justo&eu=sollicitudin&mi=ut&nulla=suscipit&ac=a&enim=feugiat&in=et&tempor=eros&turpis=vestibulum&nec=ac&euismod=est&scelerisque=lacinia&quam=nisi&turpis=venenatis&adipiscing=tristique&lorem=fusce&vitae=congue&mattis=diam&nibh=id&ligula=ornare&nec=imperdiet&sem=sapien&duis=urna&aliquam=pretium&convallis=nisl&nunc=ut&proin=volutpat&at=sapien&turpis=arcu&a=sed&pede=augue&posuere=aliquam&nonummy=erat&integer=volutpat&non=in,2024-10-30T00:00:00Z,2024-10-30T00:00:00Z
6721d4f7fc13ae297722d265,implement magnetic portals,Mahmud,Jayo,1,6717448287d2fee1b8ee7ed5,true,https://dedecms.com/pede/justo.xml?ipsum=dui&dolor=vel&sit=nisl&amet=duis&consectetuer=ac&adipiscing=nibh&elit=fusce&proin=lacus&interdum=purus&mauris=aliquet&non=at&ligula=feugiat&pellentesque=non&ultrices=pretium&phasellus=quis&id=lectus&sapien=suspendisse&in=potenti&sapien=in&iaculis=eleifend&congue=quam&vivamus=a&metus=odio&arcu=in&adipiscing=hac&molestie=habitasse&hendrerit=platea&at=dictumst&vulputate=maecenas&vitae=ut&nisl=massa&aenean=quis&lectus=augue&pellentesque=luctus&eget=tincidunt&nunc=nulla&donec=mollis&quis=molestie&orci=lorem&eget=quisque&orci=ut&vehicula=erat&condimentum=curabitur&curabitur=gravida&in=nisi&libero=at&ut=nibh&massa=in&volutpat=hac&convallis=habitasse&morbi=platea&odio=dictumst&odio=aliquam&elementum=augue&eu=quam&interdum=sollicitudin&eu=vitae&tincidunt=consectetuer&in=eget&leo=rutrum&maecenas=at&pulvinar=lorem&lobortis=integer&est=tincidunt&phasellus=ante&sit=vel&amet=ipsum&erat=praesent&nulla=blandit&tempus=lacinia&vivamus=erat&in=vestibulum&felis=sed&eu=magna&sapien=at&cursus=nunc&vestibulum=commodo&proin=placerat&eu=praesent&mi=blandit&nulla=nam&ac=nulla,2024-10-30T00:00:00Z,2024-10-30T00:00:00Z
6721d4f7fc13ae297722d266,envisioneer interactive architectures,Gallagher,Realpoint,3,6717448287d2fee1b8ee7ed5,false,http://dagondesign.com/tempus.html?ut=eget&rhoncus=tempus&aliquet=vel&pulvinar=pede&sed=morbi&nisl=porttitor&nunc=lorem&rhoncus=id&dui=ligula&vel=suspendisse&sem=ornare&sed=consequat&sagittis=lectus&nam=in&congue=est&risus=risus&semper=auctor&porta=sed&volutpat=tristique&quam=in&pede=tempus&lobortis=sit&ligula=amet&sit=sem&amet=fusce&eleifend=consequat&pede=nulla&libero=nisl&quis=nunc&orci=nisl&nullam=duis&molestie=bibendum&nibh=felis&in=sed&lectus=interdum&pellentesque=venenatis&at=turpis&nulla=enim&suspendisse=blandit&potenti=mi&cras=in&in=porttitor&purus=pede&eu=justo&magna=eu&vulputate=massa&luctus=donec&cum=dapibus&sociis=duis&natoque=at&penatibus=velit&et=eu&magnis=est&dis=congue&parturient=elementum&montes=in&nascetur=hac&ridiculus=habitasse&mus=platea&vivamus=dictumst&vestibulum=morbi&sagittis=vestibulum&sapien=velit&cum=id&sociis=pretium,2024-10-30T00:00:00Z,2024-10-30T00:00:00Z
6721d4f7fc13ae297722d267,orchestrate 24/7 e-services,Valenka,Zoonoodle,1,6721c3e2885c5615605e1404,false,https://gov.uk/eu.js?a=ipsum&ipsum=primis&integer=in&a=faucibus&nibh=orci&in=luctus&quis=et&justo=ultrices&maecenas=posuere&rhoncus=cubilia&aliquam=curae&lacus=nulla&morbi=dapibus&quis=dolor&tortor=vel&id=est&nulla=donec&ultrices=odio&aliquet=justo&maecenas=sollicitudin&leo=ut&odio=suscipit&condimentum=a&id=feugiat&luctus=et&nec=eros&molestie=vestibulum&sed=ac&justo=est&pellentesque=lacinia&viverra=nisi&pede=venenatis&ac=tristique&diam=fusce&cras=congue&pellentesque=diam&volutpat=id&dui=ornare&maecenas=imperdiet&tristique=sapien&est=urna&et=pretium&tempus=nisl&semper=ut&est=volutpat&quam=sapien&pharetra=arcu&magna=sed&ac=augue&consequat=aliquam&metus=erat&sapien=volutpat&ut=in&nunc=congue&vestibulum=etiam&ante=justo&ipsum=etiam&primis=pretium&in=iaculis&faucibus=justo&orci=in&luctus=hac&et=habitasse&ultrices=platea&posuere=dictumst&cubilia=etiam&curae=faucibus&mauris=cursus&viverra=urna&diam=ut&vitae=tellus&quam=nulla&suspendisse=ut&potenti=erat&nullam=id&porttitor=mauris&lacus=vulputate&at=elementum&turpis=nullam&donec=varius&posuere=nulla&metus=facilisi&vitae=cras&ipsum=non&aliquam=velit&non=nec&mauris=nisi&morbi=vulputate&non=nonummy&lectus=maecenas&aliquam=tincidunt&sit=lacus&amet=at,2024-10-30T00:00:00Z,2024-10-30T00:00:00Z
6721d4f7fc13ae297722d268,enable next-generation platforms,Maurise,Fliptune,4,67176f22cb3881344941df2d,false,http://aboutads.info/consequat/ut/nulla/sed/accumsan.aspx?odio=risus&odio=praesent&elementum=lectus&eu=vestibulum&interdum=quam&eu=sapien&tincidunt=varius&in=ut&leo=blandit&maecenas=non&pulvinar=interdum&lobortis=in&est=ante&phasellus=vestibulum&sit=ante&amet=ipsum&erat=primis&nulla=in&tempus=faucibus&vivamus=orci&in=luctus&felis=et&eu=ultrices&sapien=posuere&cursus=cubilia&vestibulum=curae&proin=duis&eu=faucibus&mi=accumsan&nulla=odio&ac=curabitur&enim=convallis&in=duis&tempor=consequat&turpis=dui&nec=nec&euismod=nisi&scelerisque=volutpat&quam=eleifend&turpis=donec&adipiscing=ut&lorem=dolor&vitae=morbi&mattis=vel&nibh=lectus&ligula=in&nec=quam&sem=fringilla&duis=rhoncus&aliquam=mauris&convallis=enim&nunc=leo&proin=rhoncus&at=sed&turpis=vestibulum&a=sit&pede=amet&posuere=cursus&nonummy=id&integer=turpis&non=integer&velit=aliquet&donec=massa&diam=id&neque=lobortis&vestibulum=convallis&eget=tortor,2024-10-30T00:00:00Z,2024-10-30T00:00:00Z
6721d4f7fc13ae297722d269,streamline end-to-end architectures,Lena,Yotz,4,67176f22cb3881344941df2d,false,http://bandcamp.com/praesent/lectus.jsp?ante=volutpat&vestibulum=erat&ante=quisque&ipsum=erat&primis=eros&in=viverra&faucibus=eget&orci=congue&luctus=eget&et=semper&ultrices=rutrum&posuere=nulla&cubilia=nunc&curae=purus&duis=phasellus&faucibus=in&accumsan=felis&odio=donec&curabitur=semper&convallis=sapien&duis=a,2024-10-30T00:00:00Z,2024-10-30T00:00:00Z
6721d4f7fc13ae297722d26a,extend seamless paradigms,Tam,Podcat,4,6721c3e2885c5615605e1404,false,https://pen.io/sapien/cum/sociis.html?dictumst=penatibus&aliquam=et&augue=magnis&quam=dis&sollicitudin=parturient&vitae=montes&consectetuer=nascetur&eget=ridiculus&rutrum=mus&at=etiam&lorem=vel&integer=augue&tincidunt=vestibulum&ante=rutrum&vel=rutrum&ipsum=neque&praesent=aenean&blandit=auctor&lacinia=gravida&erat=sem&vestibulum=praesent&sed=id&magna=massa&at=id&nunc=nisl&commodo=venenatis&placerat=lacinia&praesent=aenean&blandit=sit&nam=amet&nulla=justo&integer=morbi&pede=ut&justo=odio&lacinia=cras&eget=mi&tincidunt=pede&eget=malesuada&tempus=in&vel=imperdiet&pede=et&morbi=commodo&porttitor=vulputate&lorem=justo,2024-10-30T00:00:00Z,2024-10-30T00:00:00Z
6721d4f7fc13ae297722d26b,target transparent architectures,Virgilio,Voolith,5,6721c3e2885c5615605e1404,false,http://huffingtonpost.com/nam/congue/risus/semper/porta/volutpat.jpg?penatibus=velit&et=eu&magnis=est&dis=congue&parturient=elementum&montes=in&nascetur=hac&ridiculus=habitasse&mus=platea&etiam=dictumst&vel=morbi&augue=vestibulum&vestibulum=velit&rutrum=id&rutrum=pretium&neque=iaculis&aenean=diam&auctor=erat&gravida=fermentum&sem=justo&praesent=nec&id=condimentum&massa=neque&id=sapien&nisl=placerat&venenatis=ante&lacinia=nulla&aenean=justo&sit=aliquam&amet=quis&justo=turpis&morbi=eget&ut=elit&odio=sodales&cras=scelerisque&mi=mauris&pede=sit&malesuada=amet&in=eros&imperdiet=suspendisse&et=accumsan&commodo=tortor&vulputate=quis&justo=turpis&in=sed&blandit=ante&ultrices=vivamus&enim=tortor&lorem=duis&ipsum=mattis&dolor=egestas&sit=metus&amet=aenean&consectetuer=fermentum&adipiscing=donec&elit=ut&proin=mauris&interdum=eget&mauris=massa&non=tempor&ligula=convallis&pellentesque=nulla&ultrices=neque&phasellus=libero&id=convallis&sapien=eget&in=eleifend&sapien=luctus&iaculis=ultricies&congue=eu&vivamus=nibh&metus=quisque&arcu=id&adipiscing=justo&molestie=sit&hendrerit=amet&at=sapien&vulputate=dignissim&vitae=vestibulum&nisl=vestibulum&aenean=ante&lectus=ipsum&pellentesque=primis&eget=in&nunc=faucibus&donec=orci&quis=luctus&orci=et&eget=ultrices&orci=posuere&vehicula=cubilia,2024-10-30T00:00:00Z,2024-10-30T00:00:00Z
6721d4f7fc13ae297722d26c,exploit transparent convergence,Edna,Voonder,1,6717448287d2fee1b8ee7ed5,true,https://bloglovin.com/odio/in/hac/habitasse/platea.jpg?phasellus=pretium&in=nisl&felis=ut,2024-10-30T00:00:00Z,2024-10-30T00:00:00Z
6721d4f7fc13ae297722d26d,target distributed architectures,Lenette,Jazzy,2,6721c38afc13ae297722d1af,true,http://joomla.org/vel/lectus.aspx?suspendisse=pharetra&potenti=magna&in=ac&eleifend=consequat&quam=metus&a=sapien&odio=ut&in=nunc&hac=vestibulum&habitasse=ante&platea=ipsum&dictumst=primis&maecenas=in&ut=faucibus&massa=orci&quis=luctus&augue=et&luctus=ultrices&tincidunt=posuere&nulla=cubilia&mollis=curae&molestie=mauris&lorem=viverra&quisque=diam&ut=vitae&erat=quam&curabitur=suspendisse&gravida=potenti&nisi=nullam&at=porttitor&nibh=lacus&in=at&hac=turpis&habitasse=donec&platea=posuere&dictumst=metus&aliquam=vitae&augue=ipsum&quam=aliquam&sollicitudin=non&vitae=mauris&consectetuer=morbi&eget=non&rutrum=lectus&at=aliquam&lorem=sit&integer=amet&tincidunt=diam&ante=in&vel=magna&ipsum=bibendum&praesent=imperdiet&blandit=nullam&lacinia=orci&erat=pede&vestibulum=venenatis&sed=non&magna=sodales&at=sed&nunc=tincidunt&commodo=eu&placerat=felis&praesent=fusce&blandit=posuere&nam=felis&nulla=sed&integer=lacus&pede=morbi&justo=sem&lacinia=mauris&eget=laoreet&tincidunt=ut&eget=rhoncus&tempus=aliquet,2024-10-30T00:00:00Z,2024-10-30T00:00:00Z
6721d4f7fc13ae297722d26e,transition real-time e-markets,Tammara,Flipbug,1,6721c38afc13ae297722d1af,false,http://globo.com/in/faucibus/orci.jsp?nisi=justo&volutpat=morbi&eleifend=ut&donec=odio&ut=cras&dolor=mi&morbi=pede&vel=malesuada&lectus=in&in=imperdiet&quam=et&fringilla=commodo&rhoncus=vulputate&mauris=justo&enim=in&leo=blandit&rhoncus=ultrices&sed=enim&vestibulum=lorem&sit=ipsum&amet=dolor&cursus=sit&id=amet&turpis=consectetuer&integer=adipiscing&aliquet=elit&massa=proin&id=interdum&lobortis=mauris&convallis=non&tortor=ligula&risus=pellentesque&dapibus=ultrices&augue=phasellus&vel=id&accumsan=sapien&tellus=in&nisi=sapien&eu=iaculis&orci=congue&mauris=vivamus&lacinia=metus&sapien=arcu&quis=adipiscing&libero=molestie&nullam=hendrerit&sit=at&amet=vulputate&turpis=vitae&elementum=nisl&ligula=aenean&vehicula=lectus&consequat=pellentesque&morbi=eget&a=nunc&ipsum=donec&integer=quis&a=orci&nibh=eget&in=orci&quis=vehicula&justo=condimentum&maecenas=curabitur&rhoncus=in,2024-10-30T00:00:00Z,2024-10-30T00:00:00Z
6721d4f7fc13ae297722d26f,disintermediate B2B channels,Jorgan,Reallinks,2,6717448287d2fee1b8ee7ed5,false,https://w3.org/nam/nulla/integer.html?sapien=sapien&iaculis=non&congue=mi&vivamus=integer&metus=ac&arcu=neque&adipiscing=duis&molestie=bibendum&hendrerit=morbi&at=non&vulputate=quam&vitae=nec&nisl=dui&aenean=luctus&lectus=rutrum&pellentesque=nulla&eget=tellus&nunc=in&donec=sagittis&quis=dui&orci=vel&eget=nisl&orci=duis&vehicula=ac&condimentum=nibh&curabitur=fusce&in=lacus&libero=purus&ut=aliquet&massa=at&volutpat=feugiat&convallis=non&morbi=pretium&odio=quis&odio=lectus&elementum=suspendisse&eu=potenti&interdum=in&eu=eleifend&tincidunt=quam&in=a&leo=odio&maecenas=in&pulvinar=hac&lobortis=habitasse&est=platea&phasellus=dictumst&sit=maecenas&amet=ut&erat=massa&nulla=quis&tempus=augue&vivamus=luctus&in=tincidunt&felis=nulla&eu=mollis&sapien=molestie&cursus=lorem&vestibulum=quisque&proin=ut&eu=erat&mi=curabitur&nulla=gravida&ac=nisi&enim=at&in=nibh&tempor=in&turpis=hac&nec=habitasse&euismod=platea&scelerisque=dictumst&quam=aliquam&turpis=augue&adipiscing=quam&lorem=sollicitudin&vitae=vitae&mattis=consectetuer&nibh=eget&ligula=rutrum&nec=at&sem=lorem&duis=integer&aliquam=tincidunt,2024-10-30T00:00:00Z,2024-10-30T00:00:00Z
6721d4f7fc13ae297722d270,embrace 24/7 deliverables,Nicola,Voomm,5,67176f22cb3881344941df2d,false,https://bigcartel.com/etiam/faucibus/cursus/urna/ut/tellus.xml?cras=ultrices&non=phasellus&velit=id&nec=sapien&nisi=in&vulputate=sapien&nonummy=iaculis&maecenas=congue&tincidunt=vivamus&lacus=metus&at=arcu&velit=adipiscing&vivamus=molestie&vel=hendrerit&nulla=at&eget=vulputate,2024-10-30T00:00:00Z,2024-10-30T00:00:00Z
6721d4f7fc13ae297722d271,synergize innovative vortals,Florri,Topicstorm,4,6717448287d2fee1b8ee7ed5,false,https://prlog.org/platea.aspx?amet=ante&lobortis=vivamus&sapien=tortor&sapien=duis&non=mattis&mi=egestas&integer=metus&ac=aenean&neque=fermentum&duis=donec&bibendum=ut&morbi=mauris&non=eget&quam=massa&nec=tempor&dui=convallis&luctus=nulla&rutrum=neque&nulla=libero&tellus=convallis&in=eget&sagittis=eleifend&dui=luctus&vel=ultricies&nisl=eu&duis=nibh&ac=quisque&nibh=id&fusce=justo&lacus=sit&purus=amet&aliquet=sapien&at=dignissim&feugiat=vestibulum&non=vestibulum&pretium=ante&quis=ipsum&lectus=primis&suspendisse=in&potenti=faucibus&in=orci&eleifend=luctus&quam=et&a=ultrices&odio=posuere&in=cubilia&hac=curae&habitasse=nulla,2024-10-30T00:00:00Z,2024-10-30T00:00:00Z
6721d4f7fc13ae297722d272,embrace magnetic synergies,Tedda,Wordpedia,2,6717448287d2fee1b8ee7ed5,false,https://so-net.ne.jp/nisi/at/nibh.js?auctor=euismod&sed=scelerisque&tristique=quam&in=turpis&tempus=adipiscing&sit=lorem&amet=vitae&sem=mattis&fusce=nibh&consequat=ligula&nulla=nec&nisl=sem&nunc=duis&nisl=aliquam&duis=convallis&bibendum=nunc&felis=proin&sed=at&interdum=turpis&venenatis=a&turpis=pede,2024-10-30T00:00:00Z,2024-10-30T00:00:00Z
6721d4f7fc13ae297722d273,synthesize bleeding-edge paradigms,Sumner,Topiclounge,1,6717448287d2fee1b8ee7ed5,true,https://instagram.com/est/congue/elementum/in/hac/habitasse.jpg?vel=posuere&nulla=cubilia&eget=curae&eros=nulla&elementum=dapibus&pellentesque=dolor&quisque=vel&porta=est&volutpat=donec&erat=odio&quisque=justo&erat=sollicitudin&eros=ut&viverra=suscipit&eget=a&congue=feugiat&eget=et&semper=eros&rutrum=vestibulum&nulla=ac&nunc=est&purus=lacinia&phasellus=nisi&in=venenatis&felis=tristique&donec=fusce&semper=congue,2024-10-30T00:00:00Z,2024-10-30T00:00:00Z
6721d4f7fc13ae297722d274,embrace impactful web services,Loleta,Youspan,5,6721c38afc13ae297722d1af,true,https://ifeng.com/proin/eu.jsp?penatibus=rhoncus&et=aliquet&magnis=pulvinar&dis=sed&parturient=nisl&montes=nunc&nascetur=rhoncus&ridiculus=dui&mus=vel&vivamus=sem&vestibulum=sed&sagittis=sagittis&sapien=nam&cum=congue&sociis=risus&natoque=semper&penatibus=porta&et=volutpat&magnis=quam&dis=pede&parturient=lobortis&montes=ligula&nascetur=sit&ridiculus=amet&mus=eleifend&etiam=pede&vel=libero&augue=quis&vestibulum=orci&rutrum=nullam&rutrum=molestie&neque=nibh&aenean=in&auctor=lectus&gravida=pellentesque&sem=at&praesent=nulla&id=suspendisse&massa=potenti&id=cras&nisl=in&venenatis=purus&lacinia=eu&aenean=magna&sit=vulputate,2024-10-30T00:00:00Z,2024-10-30T00:00:00Z
6721d4f7fc13ae297722d275,revolutionize web-enabled experiences,Juanita,Babbleblab,3,6721c38afc13ae297722d1af,false,https://gmpg.org/fringilla/rhoncus/mauris/enim/leo/rhoncus.png?lacinia=proin&aenean=interdum&sit=mauris&amet=non&justo=ligula&morbi=pellentesque&ut=ultrices&odio=phasellus&cras=id&mi=sapien&pede=in&malesuada=sapien&in=iaculis&imperdiet=congue&et=vivamus&commodo=metus&vulputate=arcu&justo=adipiscing&in=molestie&blandit=hendrerit&ultrices=at&enim=vulputate&lorem=vitae&ipsum=nisl&dolor=aenean&sit=lectus&amet=pellentesque&consectetuer=eget&adipiscing=nunc&elit=donec&proin=quis&interdum=orci&mauris=eget&non=orci&ligula=vehicula&pellentesque=condimentum&ultrices=curabitur&phasellus=in&id=libero&sapien=ut&in=massa&sapien=volutpat&iaculis=convallis&congue=morbi&vivamus=odio&metus=odio&arcu=elementum&adipiscing=eu&molestie=interdum&hendrerit=eu&at=tincidunt&vulputate=in&vitae=leo&nisl=maecenas&aenean=pulvinar&lectus=lobortis&pellentesque=est&eget=phasellus,2024-10-30T00:00:00Z,2024-10-30T00:00:00Z
6721d4f7fc13ae297722d276,disintermediate intuitive methodologies,Jeffy,Skipstorm,1,6721c38afc13ae297722d1af,true,http://angelfire.com/elit/ac/nulla/sed/vel.js?nec=non&sem=velit&duis=nec&aliquam=nisi&convallis=vulputate&nunc=nonummy&proin=maecenas&at=tincidunt&turpis=lacus&a=at&pede=velit&posuere=vivamus&nonummy=vel&integer=nulla&non=eget&velit=eros&donec=elementum&diam=pellentesque&neque=quisque&vestibulum=porta&eget=volutpat&vulputate=erat&ut=quisque&ultrices=erat&vel=eros&augue=viverra&vestibulum=eget&ante=congue&ipsum=eget&primis=semper&in=rutrum&faucibus=nulla&orci=nunc&luctus=purus&et=phasellus&ultrices=in&posuere=felis,2024-10-30T00:00:00Z,2024-10-30T00:00:00Z
6721d4f7fc13ae297722d277,architect sexy convergence,Ted,Dabfeed,3,6717448287d2fee1b8ee7ed5,false,http://simplemachines.org/duis.json?leo=a&rhoncus=ipsum&sed=integer&vestibulum=a&sit=nibh&amet=in&cursus=quis&id=justo&turpis=maecenas&integer=rhoncus&aliquet=aliquam&massa=lacus&id=morbi&lobortis=quis&convallis=tortor&tortor=id&risus=nulla&dapibus=ultrices&augue=aliquet&vel=maecenas&accumsan=leo&tellus=odio&nisi=condimentum&eu=id&orci=luctus&mauris=nec&lacinia=molestie&sapien=sed&quis=justo&libero=pellentesque&nullam=viverra&sit=pede&amet=ac&turpis=diam&elementum=cras&ligula=pellentesque&vehicula=volutpat&consequat=dui&morbi=maecenas&a=tristique&ipsum=est&integer=et&a=tempus&nibh=semper,2024-10-30T00:00:00Z,2024-10-30T00:00:00Z
6721d4f7fc13ae297722d278,architect plug-and-play supply-chains,Whittaker,Oozz,1,6721c38afc13ae297722d1af,true,http://livejournal.com/dis/parturient/montes/nascetur/ridiculus/mus/etiam.jsp?sagittis=cursus,2024-10-30T00:00:00Z,2024-10-30T00:00:00Z
6721d4f7fc13ae297722d279,seize B2C e-services,Agnella,Gevee,5,6717448287d2fee1b8ee7ed5,false,https://xing.com/duis/ac/nibh.json?molestie=imperdiet&lorem=et&quisque=commodo&ut=vulputate&erat=justo,2024-10-30T00:00:00Z,2024-10-30T00:00:00Z
6721d4f7fc13ae297722d27a,generate e-business schemas,Marsh,Flashdog,3,6721c3e2885c5615605e1404,false,http://geocities.com/maecenas/tristique/est/et/tempus/semper/est.aspx?ut=vestibulum&massa=ante&quis=ipsum&augue=primis&luctus=in&tincidunt=faucibus&nulla=orci&mollis=luctus&molestie=et&lorem=ultrices&quisque=posuere&ut=cubilia&erat=curae&curabitur=mauris&gravida=viverra&nisi=diam&at=vitae&nibh=quam&in=suspendisse&hac=potenti&habitasse=nullam&platea=porttitor&dictumst=lacus&aliquam=at&augue=turpis&quam=donec&sollicitudin=posuere,2024-10-30T00:00:00Z,2024-10-30T00:00:00Z
6721d4f7fc13ae297722d27b,iterate 24/365 niches,Dewie,Tavu,2,6721c3e2885c5615605e1404,true,http://amazon.com/venenatis/tristique/fusce.json?massa=lobortis&donec=ligula&dapibus=sit&duis=amet&at=eleifend&velit=pede&eu=libero&est=quis&congue=orci&elementum=nullam&in=molestie&hac=nibh&habitasse=in&platea=lectus&dictumst=pellentesque&morbi=at,2024-10-30T00:00:00Z,2024-10-30T00:00:00Z
6721d4f7fc13ae297722d27c,incentivize cross-platform supply-chains,Wake,Ooba,3,6721c38afc13ae297722d1af,false,https://vk.com/porttitor/lorem/id/ligula/suspendisse.aspx?eleifend=quam&donec=nec&ut=dui&dolor=luctus&morbi=rutrum&vel=nulla&lectus=tellus&in=in&quam=sagittis&fringilla=dui&rhoncus=vel&mauris=nisl&enim=duis&leo=ac&rhoncus=nibh&sed=fusce&vestibulum=lacus&sit=purus&amet=aliquet&cursus=at&id=feugiat&turpis=non&integer=pretium&aliquet=quis&massa=lectus&id=suspendisse&lobortis=potenti&convallis=in&tortor=eleifend&risus=quam&dapibus=a&augue=odio&vel=in&accumsan=hac&tellus=habitasse&nisi=platea&eu=dictumst&orci=maecenas&mauris=ut&lacinia=massa&sapien=quis&quis=augue&libero=luctus&nullam=tincidunt&sit=nulla&amet=mollis&turpis=molestie&elementum=lorem&ligula=quisque&vehicula=ut&consequat=erat&morbi=curabitur&a=gravida&ipsum=nisi&integer=at&a=nibh&nibh=in&in=hac&quis=habitasse&justo=platea&maecenas=dictumst&rhoncus=aliquam&aliquam=augue&lacus=quam&morbi=sollicitudin&quis=vitae&tortor=consectetuer&id=eget&nulla=rutrum&ultrices=at&aliquet=lorem&maecenas=integer&leo=tincidunt&odio=ante&condimentum=vel&id=ipsum&luctus=praesent&nec=blandit&molestie=lacinia&sed=erat&justo=vestibulum&pellentesque=sed&viverra=magna&pede=at,2024-10-30T00:00:00Z,2024-10-30T00:00:00Z
6721d4f7fc13ae297722d27d,optimize wireless e-markets,Marj,Innotype,1,6721c38afc13ae297722d1af,true,https://bbc.co.uk/vehicula/condimentum/curabitur/in/libero.jsp?sapien=laoreet&placerat=ut&ante=rhoncus&nulla=aliquet&justo=pulvinar&aliquam=sed&quis=nisl&turpis=nunc&eget=rhoncus&elit=dui&sodales=vel&scelerisque=sem&mauris=sed&sit=sagittis&amet=nam&eros=congue&suspendisse=risus&accumsan=semper&tortor=porta&quis=volutpat&turpis=quam&sed=pede&ante=lobortis&vivamus=ligula&tortor=sit&duis=amet&mattis=eleifend&egestas=pede&metus=libero&aenean=quis&fermentum=orci&donec=nullam&ut=molestie&mauris=nibh&eget=in&massa=lectus&tempor=pellentesque&convallis=at&nulla=nulla&neque=suspendisse&libero=potenti&convallis=cras&eget=in&eleifend=purus&luctus=eu&ultricies=magna&eu=vulputate&nibh=luctus&quisque=cum&id=sociis&justo=natoque&sit=penatibus&amet=et&sapien=magnis&dignissim=dis&vestibulum=parturient&vestibulum=montes&ante=nascetur&ipsum=ridiculus&primis=mus&in=vivamus&faucibus=vestibulum&orci=sagittis&luctus=sapien&et=cum&ultrices=sociis&posuere=natoque&cubilia=penatibus&curae=et&nulla=magnis&dapibus=dis&dolor=parturient&vel=montes&est=nascetur&donec=ridiculus&odio=mus&justo=etiam&sollicitudin=vel&ut=augue&suscipit=vestibulum&a=rutrum&feugiat=rutrum&et=neque&eros=aenean,2024-10-30T00:00:00Z,2024-10-30T00:00:00Z
6721d4f7fc13ae297722d27e,revolutionize synergistic supply-chains,Meredith,Devpulse,1,6721c38afc13ae297722d1af,false,https://shop-pro.jp/duis/mattis/egestas/metus/aenean/fermentum.png?id=integer&lobortis=tincidunt&convallis=ante&tortor=vel&risus=ipsum&dapibus=praesent&augue=blandit&vel=lacinia&accumsan=erat&tellus=vestibulum&nisi=sed&eu=magna&orci=at&mauris=nunc&lacinia=commodo&sapien=placerat&quis=praesent&libero=blandit&nullam=nam&sit=nulla&amet=integer&turpis=pede&elementum=justo&ligula=lacinia&vehicula=eget&consequat=tincidunt&morbi=eget&a=tempus&ipsum=vel&integer=pede&a=morbi&nibh=porttitor&in=lorem&quis=id&justo=ligula,2024-10-30T00:00:00Z,2024-10-30T00:00:00Z
6721d4f7fc13ae297722d27f,envisioneer innovative experiences,Courtenay,Trunyx,5,67176f22cb3881344941df2d,false,http://salon.com/ac/lobortis/vel/dapibus/at.html?neque=in&libero=tempus&convallis=sit&eget=amet&eleifend=sem&luctus=fusce&ultricies=consequat&eu=nulla&nibh=nisl&quisque=nunc&id=nisl&justo=duis&sit=bibendum&amet=felis&sapien=sed&dignissim=interdum&vestibulum=venenatis&vestibulum=turpis&ante=enim&ipsum=blandit&primis=mi&in=in&faucibus=porttitor&orci=pede&luctus=justo&et=eu&ultrices=massa&posuere=donec&cubilia=dapibus&curae=duis&nulla=at&dapibus=velit&dolor=eu&vel=est&est=congue&donec=elementum&odio=in&justo=hac&sollicitudin=habitasse&ut=platea&suscipit=dictumst&a=morbi&feugiat=vestibulum&et=velit&eros=id&vestibulum=pretium,2024-10-30T00:00:00Z,2024-10-30T00:00:00Z
6721d4f7fc13ae297722d280,target scalable bandwidth,Skelly,Wikivu,2,6721c3e2885c5615605e1404,true,https://alibaba.com/vitae.json?vitae=tempus&ipsum=vivamus&aliquam=in&non=felis&mauris=eu&morbi=sapien&non=cursus&lectus=vestibulum&aliquam=proin&sit=eu&amet=mi&diam=nulla&in=ac&magna=enim&bibendum=in&imperdiet=tempor&nullam=turpis&orci=nec&pede=euismod&venenatis=scelerisque&non=quam&sodales=turpis&sed=adipiscing&tincidunt=lorem&eu=vitae&felis=mattis&fusce=nibh&posuere=ligula&felis=nec&sed=sem&lacus=duis&morbi=aliquam&sem=convallis&mauris=nunc&laoreet=proin&ut=at&rhoncus=turpis&aliquet=a&pulvinar=pede&sed=posuere&nisl=nonummy&nunc=integer&rhoncus=non&dui=velit&vel=donec&sem=diam&sed=neque&sagittis=vestibulum&nam=eget&congue=vulputate&risus=ut&semper=ultrices&porta=vel&volutpat=augue&quam=vestibulum&pede=ante&lobortis=ipsum&ligula=primis&sit=in&amet=faucibus&eleifend=orci&pede=luctus&libero=et&quis=ultrices&orci=posuere&nullam=cubilia&molestie=curae&nibh=donec&in=pharetra&lectus=magna&pellentesque=vestibulum&at=aliquet&nulla=ultrices&suspendisse=erat&potenti=tortor&cras=sollicitudin,2024-10-30T00:00:00Z,2024-10-30T00:00:00Z
6721d4f7fc13ae297722d281,syndicate cutting-edge e-business,Saunder,Tagopia,5,6717448287d2fee1b8ee7ed5,false,http://discovery.com/mauris/vulputate/elementum.aspx?vel=lacinia&pede=aenean&morbi=sit&porttitor=amet&lorem=justo&id=morbi&ligula=ut&suspendisse=odio&ornare=cras&consequat=mi&lectus=pede&in=malesuada&est=in&risus=imperdiet&auctor=et&sed=commodo&tristique=vulputate&in=justo&tempus=in&sit=blandit&amet=ultrices&sem=enim&fusce=lorem&consequat=ipsum&nulla=dolor&nisl=sit&nunc=amet&nisl=consectetuer&duis=adipiscing&bibendum=elit&felis=proin&sed=interdum&interdum=mauris&venenatis=non&turpis=ligula&enim=pellentesque&blandit=ultrices,2024-10-30T00:00:00Z,2024-10-30T00:00:00Z
6721d4f7fc13ae297722d282,deploy sexy infomediaries,Byron,Tagcat,3,6717448287d2fee1b8ee7ed5,true,http://npr.org/nisl/duis/bibendum.json?mauris=erat&eget=nulla&massa=tempus&tempor=vivamus&convallis=in&nulla=felis&neque=eu&libero=sapien&convallis=cursus&eget=vestibulum&eleifend=proin&luctus=eu&ultricies=mi&eu=nulla&nibh=ac&quisque=enim&id=in&justo=tempor&sit=turpis&amet=nec,2024-10-30T00:00:00Z,2024-10-30T00:00:00Z
6721d4f7fc13ae297722d283,empower frictionless platforms,Aveline,Blogtag,1,6721c38afc13ae297722d1af,true,https://macromedia.com/neque/aenean/auctor/gravida/sem/praesent.png?vivamus=viverra&tortor=dapibus&duis=nulla&mattis=suscipit&egestas=ligula&metus=in&aenean=lacus&fermentum=curabitur&donec=at,2024-10-30T00:00:00Z,2024-10-30T00:00:00Z
6721d4f7fc13ae297722d284,engage granular markets,Mattias,Blogtags,1,6717448287d2fee1b8ee7ed5,false,https://wisc.edu/ut/massa/quis/augue/luctus/tincidunt.jpg?nulla=massa&ultrices=id&aliquet=lobortis&maecenas=convallis&leo=tortor&odio=risus&condimentum=dapibus&id=augue&luctus=vel&nec=accumsan&molestie=tellus&sed=nisi&justo=eu&pellentesque=orci&viverra=mauris&pede=lacinia&ac=sapien&diam=quis&cras=libero&pellentesque=nullam&volutpat=sit&dui=amet&maecenas=turpis&tristique=elementum&est=ligula&et=vehicula&tempus=consequat&semper=morbi&est=a&quam=ipsum&pharetra=integer&magna=a&ac=nibh&consequat=in&metus=quis&sapien=justo&ut=maecenas&nunc=rhoncus&vestibulum=aliquam&ante=lacus&ipsum=morbi&primis=quis&in=tortor&faucibus=id&orci=nulla&luctus=ultrices&et=aliquet&ultrices=maecenas&posuere=leo&cubilia=odio&curae=condimentum&mauris=id&viverra=luctus&diam=nec&vitae=molestie&quam=sed&suspendisse=justo&potenti=pellentesque&nullam=viverra&porttitor=pede&lacus=ac&at=diam&turpis=cras&donec=pellentesque&posuere=volutpat&metus=dui&vitae=maecenas&ipsum=tristique&aliquam=est&non=et&mauris=tempus&morbi=semper&non=est&lectus=quam&aliquam=pharetra&sit=magna,2024-10-30T00:00:00Z,2024-10-30T00:00:00Z
6721d4f7fc13ae297722d285,extend holistic ROI,Titos,Plambee,2,6721c38afc13ae297722d1af,true,https://msn.com/porta/volutpat/erat/quisque/erat/eros.jsp?faucibus=eleifend&orci=donec&luctus=ut&et=dolor&ultrices=morbi&posuere=vel&cubilia=lectus&curae=in&nulla=quam&dapibus=fringilla,2024-10-30T00:00:00Z,2024-10-30T00:00:00Z
6721d4f7fc13ae297722d286,optimize virtual schemas,Gayel,Meevee,1,6721c3e2885c5615605e1404,false,http://mapy.cz/pharetra/magna/ac/consequat/metus/sapien.jpg?consectetuer=vel&adipiscing=sem&elit=sed&proin=sagittis&interdum=nam&mauris=congue&non=risus&ligula=semper&pellentesque=porta&ultrices=volutpat&phasellus=quam&id=pede&sapien=lobortis&in=ligula&sapien=sit&iaculis=amet&congue=eleifend&vivamus=pede&metus=libero&arcu=quis&adipiscing=orci&molestie=nullam&hendrerit=molestie&at=nibh&vulputate=in&vitae=lectus&nisl=pellentesque&aenean=at&lectus=nulla&pellentesque=suspendisse&eget=potenti&nunc=cras&donec=in&quis=purus&orci=eu&eget=magna&orci=vulputate&vehicula=luctus&condimentum=cum&curabitur=sociis&in=natoque&libero=penatibus&ut=et&massa=magnis&volutpat=dis&convallis=parturient&morbi=montes&odio=nascetur&odio=ridiculus&elementum=mus&eu=vivamus&interdum=vestibulum&eu=sagittis&tincidunt=sapien&in=cum&leo=sociis&maecenas=natoque&pulvinar=penatibus&lobortis=et&est=magnis&phasellus=dis&sit=parturient&amet=montes&erat=nascetur&nulla=ridiculus&tempus=mus&vivamus=etiam&in=vel&felis=augue&eu=vestibulum&sapien=rutrum&cursus=rutrum&vestibulum=neque&proin=aenean&eu=auctor&mi=gravida&nulla=sem&ac=praesent,2024-10-30T00:00:00Z,2024-10-30T00:00:00Z
6721d4f7fc13ae297722d287,harness magnetic vortals,Jaquelin,Eadel,4,67176f22cb3881344941df2d,true,https://tmall.com/varius/ut.json?ullamcorper=morbi&purus=a&sit=ipsum&amet=integer&nulla=a&quisque=nibh&arcu=in&libero=quis&rutrum=justo&ac=maecenas&lobortis=rhoncus&vel=aliquam&dapibus=lacus&at=morbi&diam=quis,2024-10-30T00:00:00Z,2024-10-30T00:00:00Z
6721d4f7fc13ae297722d288,synthesize visionary vortals,Tildie,Riffpedia,2,6717448287d2fee1b8ee7ed5,true,http://adobe.com/neque.png?eget=magna&eleifend=vestibulum&luctus=aliquet&ultricies=ultrices&eu=erat&nibh=tortor&quisque=sollicitudin&id=mi&justo=sit&sit=amet&amet=lobortis&sapien=sapien&dignissim=sapien&vestibulum=non&vestibulum=mi&ante=integer&ipsum=ac&primis=neque&in=duis&faucibus=bibendum&orci=morbi&luctus=non&et=quam&ultrices=nec&posuere=dui&cubilia=luctus&curae=rutrum&nulla=nulla&dapibus=tellus&dolor=in&vel=sagittis&est=dui&donec=vel&odio=nisl&justo=duis&sollicitudin=ac&ut=nibh&suscipit=fusce&a=lacus&feugiat=purus&et=aliquet&eros=at&vestibulum=feugiat&ac=non&est=pretium&lacinia=quis&nisi=lectus&venenatis=suspendisse&tristique=potenti&fusce=in&congue=eleifend&diam=quam&id=a&ornare=odio&imperdiet=in&sapien=hac&urna=habitasse&pretium=platea&nisl=dictumst&ut=maecenas&volutpat=ut&sapien=massa&arcu=quis&sed=augue&augue=luctus&aliquam=tincidunt&erat=nulla&volutpat=mollis&in=molestie&congue=lorem&etiam=quisque&justo=ut&etiam=erat&pretium=curabitur&iaculis=gravida&justo=nisi&in=at&hac=nibh&habitasse=in&platea=hac&dictumst=habitasse&etiam=platea&faucibus=dictumst&cursus=aliquam&urna=augue&ut=quam&tellus=sollicitudin&nulla=vitae&ut=consectetuer&erat=eget&id=rutrum&mauris=at,2024-10-30T00:00:00Z,2024-10-30T00:00:00Z
6721d4f7fc13ae297722d289,syndicate turn-key architectures,Clarke,Wordify,4,6721c38afc13ae297722d1af,false,http://a8.net/tincidunt/nulla.xml?lacinia=pretium&eget=iaculis&tincidunt=justo&eget=in&tempus=hac&vel=habitasse&pede=platea&morbi=dictumst&porttitor=etiam&lorem=faucibus&id=cursus&ligula=urna&suspendisse=ut&ornare=tellus&consequat=nulla&lectus=ut&in=erat&est=id&risus=mauris&auctor=vulputate&sed=elementum&tristique=nullam&in=varius&tempus=nulla&sit=facilisi&amet=cras&sem=non&fusce=velit&consequat=nec&nulla=nisi&nisl=vulputate&nunc=nonummy&nisl=maecenas&duis=tincidunt&bibendum=lacus&felis=at&sed=velit&interdum=vivamus&venenatis=vel&turpis=nulla&enim=eget&blandit=eros&mi=elementum&in=pellentesque&porttitor=quisque&pede=porta&justo=volutpat&eu=erat&massa=quisque&donec=erat&dapibus=eros&duis=viverra&at=eget&velit=congue&eu=eget&est=semper&congue=rutrum&elementum=nulla&in=nunc&hac=purus&habitasse=phasellus&platea=in&dictumst=felis&morbi=donec&vestibulum=semper&velit=sapien&id=a&pretium=libero&iaculis=nam&diam=dui&erat=proin&fermentum=leo,2024-10-30T00:00:00Z,2024-10-30T00:00:00Z
6721d4f7fc13ae297722d28a,extend virtual action-items,Jo ann,Fliptune,4,67176f22cb3881344941df2d,false,https://jigsy.com/vel/sem/sed/sagittis/nam.png?imperdiet=primis&et=in&commodo=faucibus&vulputate=orci&justo=luctus&in=et&blandit=ultrices&ultrices=posuere&enim=cubilia&lorem=curae&ipsum=duis&dolor=faucibus&sit=accumsan&amet=odio&consectetuer=curabitur&adipiscing=convallis&elit=duis&proin=consequat&interdum=dui&mauris=nec&non=nisi&ligula=volutpat&pellentesque=eleifend&ultrices=donec&phasellus=ut&id=dolor&sapien=morbi&in=vel&sapien=lectus&iaculis=in&congue=quam&vivamus=fringilla&metus=rhoncus&arcu=mauris&adipiscing=enim&molestie=leo&hendrerit=rhoncus&at=sed&vulputate=vestibulum&vitae=sit&nisl=amet&aenean=cursus&lectus=id&pellentesque=turpis&eget=integer&nunc=aliquet&donec=massa&quis=id&orci=lobortis&eget=convallis&orci=tortor&vehicula=risus&condimentum=dapibus&curabitur=augue&in=vel&libero=accumsan&ut=tellus&massa=nisi&volutpat=eu&convallis=orci&morbi=mauris&odio=lacinia,2024-10-30T00:00:00Z,2024-10-30T00:00:00Z
6721d4f7fc13ae297722d28b,extend user-centric e-services,Art,Mymm,1,6721c3e2885c5615605e1404,true,https://sina.com.cn/enim/sit.jpg?sed=nibh&tristique=ligula&in=nec&tempus=sem&sit=duis&amet=aliquam&sem=convallis&fusce=nunc&consequat=proin&nulla=at&nisl=turpis&nunc=a&nisl=pede&duis=posuere&bibendum=nonummy&felis=integer&sed=non&interdum=velit&venenatis=donec&turpis=diam&enim=neque&blandit=vestibulum&mi=eget&in=vulputate&porttitor=ut&pede=ultrices&justo=vel&eu=augue&massa=vestibulum&donec=ante&dapibus=ipsum,2024-10-30T00:00:00Z,2024-10-30T00:00:00Z
6721d4f7fc13ae297722d28c,incubate front-end systems,Myra,Zooxo,4,6717448287d2fee1b8ee7ed5,true,https://reverbnation.com/amet/erat/nulla/tempus/vivamus/in.json?leo=sed&rhoncus=tincidunt&sed=eu&vestibulum=felis&sit=fusce&amet=posuere&cursus=felis,2024-10-30T00:00:00Z,2024-10-30T00:00:00Z
6721d4f7fc13ae297722d28d,productize B2C experiences,Mariette,Latz,3,67176f22cb3881344941df2d,false,http://chron.com/donec/posuere/metus/vitae/ipsum/aliquam.js?sollicitudin=blandit&ut=lacinia&suscipit=erat&a=vestibulum&feugiat=sed&et=magna&eros=at&vestibulum=nunc&ac=commodo&est=placerat&lacinia=praesent&nisi=blandit&venenatis=nam&tristique=nulla&fusce=integer&congue=pede&diam=justo&id=lacinia&ornare=eget&imperdiet=tincidunt&sapien=eget&urna=tempus&pretium=vel&nisl=pede&ut=morbi&volutpat=porttitor&sapien=lorem&arcu=id&sed=ligula&augue=suspendisse&aliquam=ornare&erat=consequat&volutpat=lectus&in=in&congue=est&etiam=risus&justo=auctor&etiam=sed&pretium=tristique&iaculis=in&justo=tempus&in=sit&hac=amet&habitasse=sem&platea=fusce&dictumst=consequat&etiam=nulla&faucibus=nisl&cursus=nunc&urna=nisl&ut=duis&tellus=bibendum,2024-10-30T00:00:00Z,2024-10-30T00:00:00Z
6721d4f7fc13ae297722d28e,incubate impactful solutions,Nikkie,Rhycero,5,6717448287d2fee1b8ee7ed5,false,http://loc.gov/tincidunt/lacus/at.js?convallis=leo&eget=maecenas&eleifend=pulvinar&luctus=lobortis&ultricies=est&eu=phasellus&nibh=sit&quisque=amet&id=erat&justo=nulla&sit=tempus&amet=vivamus&sapien=in&dignissim=felis&vestibulum=eu&vestibulum=sapien&ante=cursus&ipsum=vestibulum&primis=proin&in=eu&faucibus=mi&orci=nulla&luctus=ac&et=enim&ultrices=in&posuere=tempor&cubilia=turpis&curae=nec&nulla=euismod&dapibus=scelerisque&dolor=quam&vel=turpis&est=adipiscing&donec=lorem&odio=vitae&justo=mattis&sollicitudin=nibh&ut=ligula&suscipit=nec&a=sem&feugiat=duis&et=aliquam&eros=convallis&vestibulum=nunc&ac=proin&est=at&lacinia=turpis&nisi=a&venenatis=pede&tristique=posuere&fusce=nonummy&congue=integer&diam=non&id=velit&ornare=donec&imperdiet=diam&sapien=neque&urna=vestibulum&pretium=eget&nisl=vulputate&ut=ut&volutpat=ultrices&sapien=vel&arcu=augue&sed=vestibulum&augue=ante&aliquam=ipsum&erat=primis&volutpat=in&in=faucibus&congue=orci&etiam=luctus&justo=et,2024-10-30T00:00:00Z,2024-10-30T00:00:00Z
6721d4f7fc13ae297722d28f,innovate out-of-the-box eyeballs,Rob,Edgeblab,2,6717448287d2fee1b8ee7ed5,false,http://psu.edu/proin/eu/mi.aspx?elementum=convallis&in=duis&hac=consequat&habitasse=dui&platea=nec&dictumst=nisi&morbi=volutpat&vestibulum=eleifend&velit=donec&id=ut&pretium=dolor&iaculis=morbi&diam=vel&erat=lectus&fermentum=in&justo=quam&nec=fringilla&condimentum=rhoncus&neque=mauris&sapien=enim&placerat=leo&ante=rhoncus&nulla=sed&justo=vestibulum&aliquam=sit&quis=amet&turpis=cursus&eget=id&elit=turpis&sodales=integer&scelerisque=aliquet&mauris=massa&sit=id&amet=lobortis&eros=convallis&suspendisse=tortor&accumsan=risus,2024-10-30T00:00:00Z,2024-10-30T00:00:00Z
6721d4f7fc13ae297722d290,seize bleeding-edge synergies,Lucho,Linklinks,2,67176f22cb3881344941df2d,true,http://weather.com/augue/luctus/tincidunt/nulla/mollis/molestie/lorem.js?potenti=turpis&cras=sed&in=ante&purus=vivamus&eu=tortor&magna=duis&vulputate=mattis&luctus=egestas&cum=metus&sociis=aenean&natoque=fermentum&penatibus=donec&et=ut&magnis=mauris&dis=eget&parturient=massa&montes=tempor&nascetur=convallis&ridiculus=nulla&mus=neque&vivamus=libero&vestibulum=convallis&sagittis=eget&sapien=eleifend&cum=luctus&sociis=ultricies&natoque=eu&penatibus=nibh&et=quisque&magnis=id&dis=justo&parturient=sit&montes=amet&nascetur=sapien&ridiculus=dignissim&mus=vestibulum&etiam=vestibulum&vel=ante&augue=ipsum&vestibulum=primis&rutrum=in&rutrum=faucibus&neque=orci&aenean=luctus&auctor=et&gravida=ultrices&sem=posuere&praesent=cubilia&id=curae&massa=nulla&id=dapibus&nisl=dolor&venenatis=vel&lacinia=est&aenean=donec&sit=odio&amet=justo&justo=sollicitudin&morbi=ut&ut=suscipit&odio=a&cras=feugiat&mi=et&pede=eros&malesuada=vestibulum&in=ac&imperdiet=est&et=lacinia&commodo=nisi&vulputate=venenatis&justo=tristique&in=fusce&blandit=congue&ultrices=diam&enim=id,2024-10-30T00:00:00Z,2024-10-30T00:00:00Z
6721d4f7fc13ae297722d291,implement turn-key systems,Brent,Realbridge,4,6721c38afc13ae297722d1af,true,http://shop-pro.jp/massa/tempor/convallis/nulla.html?tortor=morbi&id=quis,2024-10-30T00:00:00Z,2024-10-30T00:00:00Z
6721d4f7fc13ae297722d292,whiteboard impactful metrics,Nichol,Topiclounge,1,67176f22cb3881344941df2d,false,http://e-recht24.de/ante/ipsum.xml?nulla=vitae&facilisi=nisl&cras=aenean&non=lectus&velit=pellentesque&nec=eget&nisi=nunc&vulputate=donec&nonummy=quis&maecenas=orci&tincidunt=eget&lacus=orci&at=vehicula&velit=condimentum&vivamus=curabitur&vel=in&nulla=libero&eget=ut&eros=massa&elementum=volutpat&pellentesque=convallis&quisque=morbi&porta=odio&volutpat=odio&erat=elementum&quisque=eu&erat=interdum&eros=eu&viverra=tincidunt&eget=in&congue=leo&eget=maecenas&semper=pulvinar&rutrum=lobortis&nulla=est&nunc=phasellus&purus=sit&phasellus=amet&in=erat&felis=nulla&donec=tempus&semper=vivamus,2024-10-30T00:00:00Z,2024-10-30T00:00:00Z
6721d4f7fc13ae297722d293,incentivize granular architectures,Kimbell,Avaveo,4,6721c38afc13ae297722d1af,true,https://dot.gov/odio/justo/sollicitudin.xml?feugiat=non&et=lectus&eros=aliquam&vestibulum=sit&ac=amet&est=diam&lacinia=in&nisi=magna&venenatis=bibendum&tristique=imperdiet&fusce=nullam&congue=orci&diam=pede&id=venenatis&ornare=non&imperdiet=sodales&sapien=sed&urna=tincidunt&pretium=eu&nisl=felis&ut=fusce&volutpat=posuere&sapien=felis&arcu=sed&sed=lacus&augue=morbi&aliquam=sem&erat=mauris&volutpat=laoreet&in=ut&congue=rhoncus&etiam=aliquet&justo=pulvinar&etiam=sed&pretium=nisl&iaculis=nunc&justo=rhoncus&in=dui&hac=vel&habitasse=sem&platea=sed&dictumst=sagittis&etiam=nam&faucibus=congue&cursus=risus&urna=semper&ut=porta&tellus=volutpat&nulla=quam&ut=pede&erat=lobortis&id=ligula&mauris=sit&vulputate=amet&elementum=eleifend&nullam=pede&varius=libero&nulla=quis&facilisi=orci&cras=nullam&non=molestie&velit=nibh&nec=in&nisi=lectus&vulputate=pellentesque&nonummy=at&maecenas=nulla&tincidunt=suspendisse&lacus=potenti&at=cras&velit=in&vivamus=purus&vel=eu&nulla=magna&eget=vulputate&eros=luctus&elementum=cum,2024-10-30T00:00:00Z,2024-10-30T00:00:00Z
6721d4f7fc13ae297722d294,embrace transparent infomediaries,Marylee,Digitube,3,67176f22cb3881344941df2d,false,http://discuz.net/justo/eu/massa.aspx?integer=semper&tincidunt=est&ante=quam&vel=pharetra&ipsum=magna&praesent=ac&blandit=consequat&lacinia=metus&erat=sapien&vestibulum=ut&sed=nunc&magna=vestibulum&at=ante&nunc=ipsum&commodo=primis&placerat=in&praesent=faucibus&blandit=orci&nam=luctus&nulla=et&integer=ultrices&pede=posuere&justo=cubilia&lacinia=curae&eget=mauris&tincidunt=viverra&eget=diam&tempus=vitae&vel=quam&pede=suspendisse&morbi=potenti&porttitor=nullam&lorem=porttitor&id=lacus&ligula=at&suspendisse=turpis&ornare=donec&consequat=posuere&lectus=metus&in=vitae&est=ipsum&risus=aliquam&auctor=non&sed=mauris&tristique=morbi&in=non&tempus=lectus&sit=aliquam&amet=sit&sem=amet&fusce=diam&consequat=in&nulla=magna&nisl=bibendum&nunc=imperdiet&nisl=nullam&duis=orci&bibendum=pede&felis=venenatis&sed=non&interdum=sodales&venenatis=sed&turpis=tincidunt&enim=eu&blandit=felis&mi=fusce&in=posuere&porttitor=felis&pede=sed&justo=lacus&eu=morbi&massa=sem&donec=mauris&dapibus=laoreet&duis=ut&at=rhoncus&velit=aliquet&eu=pulvinar&est=sed&congue=nisl&elementum=nunc&in=rhoncus&hac=dui&habitasse=vel,2024-10-30T00:00:00Z,2024-10-30T00:00:00Z
6721d4f7fc13ae297722d295,whiteboard robust paradigms,Giacobo,Quimba,5,6721c38afc13ae297722d1af,true,http://tuttocitta.it/fermentum/donec.jsp?accumsan=amet&felis=turpis&ut=elementum,2024-10-30T00:00:00Z,2024-10-30T00:00:00Z
6721d4f7fc13ae297722d296,scale turn-key infomediaries,Joann,Livetube,1,6721c3e2885c5615605e1404,false,http://nasa.gov/quam.js?mauris=quis&eget=orci&massa=eget&tempor=orci&convallis=vehicula&nulla=condimentum&neque=curabitur&libero=in&convallis=libero&eget=ut&eleifend=massa&luctus=volutpat&ultricies=convallis&eu=morbi&nibh=odio&quisque=odio&id=elementum&justo=eu&sit=interdum&amet=eu&sapien=tincidunt&dignissim=in&vestibulum=leo&vestibulum=maecenas&ante=pulvinar&ipsum=lobortis&primis=est&in=phasellus&faucibus=sit&orci=amet&luctus=erat&et=nulla&ultrices=tempus&posuere=vivamus&cubilia=in&curae=felis&nulla=eu&dapibus=sapien&dolor=cursus&vel=vestibulum&est=proin&donec=eu&odio=mi&justo=nulla&sollicitudin=ac&ut=enim&suscipit=in&a=tempor&feugiat=turpis&et=nec&eros=euismod&vestibulum=scelerisque&ac=quam&est=turpis&lacinia=adipiscing&nisi=lorem&venenatis=vitae&tristique=mattis&fusce=nibh&congue=ligula&diam=nec&id=sem&ornare=duis&imperdiet=aliquam&sapien=convallis&urna=nunc&pretium=proin&nisl=at&ut=turpis&volutpat=a&sapien=pede&arcu=posuere&sed=nonummy&augue=integer&aliquam=non&erat=velit&volutpat=donec&in=diam&congue=neque&etiam=vestibulum&justo=eget&etiam=vulputate&pretium=ut&iaculis=ultrices&justo=vel&in=augue&hac=vestibulum&habitasse=ante&platea=ipsum&dictumst=primis&etiam=in&faucibus=faucibus&cursus=orci&urna=luctus&ut=et,2024-10-30T00:00:00Z,2024-10-30T00:00:00Z
6721d4f7fc13ae297722d297,leverage cross-media infomediaries,Nickie,Jayo,1,6717448287d2fee1b8ee7ed5,true,https://quantcast.com/congue/vivamus/metus/arcu.aspx?vitae=velit&consectetuer=vivamus&eget=vel&rutrum=nulla&at=eget&lorem=eros&integer=elementum&tincidunt=pellentesque&ante=quisque&vel=porta&ipsum=volutpat&praesent=erat&blandit=quisque&lacinia=erat&erat=eros&vestibulum=viverra&sed=eget&magna=congue&at=eget&nunc=semper&commodo=rutrum&placerat=nulla&praesent=nunc&blandit=purus&nam=phasellus&nulla=in&integer=felis&pede=donec&justo=semper&lacinia=sapien&eget=a&tincidunt=libero&eget=nam&tempus=dui&vel=proin&pede=leo&morbi=odio&porttitor=porttitor&lorem=id&id=consequat,2024-10-30T00:00:00Z,2024-10-30T00:00:00Z
6721d4f7fc13ae297722d298,syndicate wireless paradigms,Akim,Linktype,4,6721c38afc13ae297722d1af,true,http://1688.com/sollicitudin/vitae/consectetuer/eget/rutrum/at.jsp?risus=felis&auctor=ut&sed=at&tristique=dolor&in=quis&tempus=odio&sit=consequat&amet=varius&sem=integer&fusce=ac&consequat=leo&nulla=pellentesque&nisl=ultrices&nunc=mattis&nisl=odio&duis=donec&bibendum=vitae&felis=nisi&sed=nam&interdum=ultrices&venenatis=libero&turpis=non&enim=mattis&blandit=pulvinar&mi=nulla&in=pede&porttitor=ullamcorper&pede=augue&justo=a&eu=suscipit&massa=nulla&donec=elit&dapibus=ac&duis=nulla&at=sed&velit=vel&eu=enim&est=sit&congue=amet&elementum=nunc&in=viverra&hac=dapibus&habitasse=nulla&platea=suscipit&dictumst=ligula&morbi=in&vestibulum=lacus&velit=curabitur&id=at&pretium=ipsum&iaculis=ac&diam=tellus&erat=semper&fermentum=interdum&justo=mauris&nec=ullamcorper&condimentum=purus&neque=sit&sapien=amet&placerat=nulla&ante=quisque&nulla=arcu&justo=libero&aliquam=rutrum&quis=ac&turpis=lobortis&eget=vel&elit=dapibus&sodales=at,2024-10-30T00:00:00Z,2024-10-30T00:00:00Z
6721d4f7fc13ae297722d299,repurpose seamless web-readiness,Kelly,Centidel,1,6721c38afc13ae297722d1af,false,https://woothemes.com/diam/nam/tristique/tortor.jsp?erat=sem&eros=praesent&viverra=id&eget=massa&congue=id&eget=nisl&semper=venenatis&rutrum=lacinia&nulla=aenean&nunc=sit&purus=amet&phasellus=justo&in=morbi&felis=ut&donec=odio&semper=cras&sapien=mi&a=pede&libero=malesuada&nam=in&dui=imperdiet&proin=et&leo=commodo&odio=vulputate&porttitor=justo&id=in&consequat=blandit&in=ultrices&consequat=enim&ut=lorem&nulla=ipsum&sed=dolor&accumsan=sit&felis=amet&ut=consectetuer&at=adipiscing&dolor=elit&quis=proin&odio=interdum&consequat=mauris&varius=non&integer=ligula&ac=pellentesque&leo=ultrices&pellentesque=phasellus&ultrices=id&mattis=sapien&odio=in&donec=sapien&vitae=iaculis&nisi=congue&nam=vivamus&ultrices=metus&libero=arcu&non=adipiscing&mattis=molestie&pulvinar=hendrerit&nulla=at&pede=vulputate&ullamcorper=vitae&augue=nisl&a=aenean&suscipit=lectus&nulla=pellentesque&elit=eget&ac=nunc&nulla=donec&sed=quis&vel=orci&enim=eget&sit=orci,2024-10-30T00:00:00Z,2024-10-30T00:00:00Z
